IN9110D01011,GUJNREDVR,EQ,Gujarat NRE Coke Limited
IN9155A01020,TATAMTRDVR,EQ,Tata Motors Limited
IN9175A01010,JISLDVREQS,EQ,Jain Irrigation Systems Limited
IN9623B01058,FELDVR,EQ,Future Enterprises Limited
INE001A01036,HDFC,EQ,Housing Development Finance Corporation Limited
INE001B01026,KRBL,EQ,KRBL Limited
INE002A01018,RELIANCE,EQ,Reliance Industries Limited
INE002L01015,SJVN,EQ,SJVN Limited
INE002S01010,MGL,EQ,Mahanagar Gas Limited
INE003A01024,SIEMENS,EQ,Siemens Limited
INE005D01015,RAMSARUP,BE,Ramsarup Industries Limited
INE005I01014,AMDIND,EQ,AMD Industries Limited
INE006I01046,ASTRAL,EQ,Astral Poly Technik Limited
INE007A01025,CRISIL,EQ,CRISIL Limited
INE007B01023,GEOJITFSL,EQ,Geojit Financial Services Limited
INE008A01015,IDBI,EQ,IDBI Bank Limited
INE008I01026,COX&KINGS,EQ,Cox & Kings Limited
INE009A01021,INFY,EQ,Infosys Limited
INE010A01011,PRISMCEM,EQ,Prism Cement Limited
INE010B01027,CADILAHC,EQ,Cadila Healthcare Limited
INE010J01012,TEJASNET,EQ,Tejas Networks Limited
INE010V01017,LTTS,EQ,L&T Technology Services Limited
INE011H01014,RAJVIR,EQ,Rajvir Industries Limited
INE012A01025,ACC,EQ,ACC Limited
INE013A01015,RELCAPITAL,EQ,Reliance Capital Limited
INE015D01022,MANAKSIA,EQ,Manaksia Limited
INE016A01026,DABUR,EQ,Dabur India Limited
INE016M01021,DNAMEDIA,EQ,Diligent Media Corporation Limited
INE017A01032,GESHIP,EQ,The Great Eastern Shipping Company Limited
INE017D01010,ANGIND,BE,ANG Industries Limited
INE018A01030,LT,EQ,Larsen & Toubro Limited
INE018I01017,MINDTREE,EQ,MindTree Limited
INE019A01038,JSWSTEEL,EQ,JSW Steel Limited
INE019C01026,HSCL,EQ,Himadri Speciality Chemical Limited
INE019J01013,SASTASUNDR,BE,Sastasundar Ventures Limited
INE020B01018,RECLTD,EQ,Rural Electrification Corporation Limited
INE020G01017,AFL,EQ,Accel Frontline Limited
INE020J01029,GOKUL,BE,Gokul Refoils and Solvent Limited
INE021A01026,ASIANPAINT,EQ,Asian Paints Limited
INE022B01014,MUKANDENGG,EQ,Mukand Engineers Limited
INE022C01012,EUROTEXIND,EQ,Eurotex Industries and Exports Limited
INE022I01019,ASIANTILES,EQ,Asian Granito India Limited
INE022Q01012,IEX,EQ,Indian Energy Exchange Limited
INE023A01030,NSIL,EQ,Nalwa Sons Investments Limited
INE023H01027,NECLIFE,EQ,Nectar Lifesciences Limited
INE023M01027,PRAKASHCON,EQ,Prakash Constrowell Limited
INE024L01027,GRAVITA,EQ,Gravita India Limited
INE025A01027,CONSOFINVT,EQ,Consolidated Finvest & Holdings Limited
INE025B01017,GOLDIAM,EQ,Goldiam International Limited
INE026A01025,GSFC,EQ,Gujarat State Fertilizers & Chemicals Limited
INE026A01025,GSFC,IL,Gujarat State Fertilizers & Chemicals Limited
INE027A01015,RCF,EQ,Rashtriya Chemicals and Fertilizers Limited
INE028A01039,BANKBARODA,EQ,Bank of Baroda
INE028B01029,SHARONBIO,BZ,Sharon Bio-Medicine Limited
INE028D01025,RAINBOWPAP,BE,Rainbow Papers Limited
INE029A01011,BPCL,EQ,Bharat Petroleum Corporation Limited
INE029L01018,KICL,EQ,Kalyani Investment Company Limited
INE030A01027,HINDUNILVR,EQ,Hindustan Unilever Limited
INE031A01017,HUDCO,EQ,Housing & Urban Development Corporation Limited
INE031B01049,AJANTPHARM,EQ,Ajanta Pharma Limited
INE032A01023,BOMDYEING,EQ,Bombay Dyeing & Mfg Company Limited
INE032B01021,PRIMESECU,EQ,Prime Securities Limited
INE033B01011,QUINTEGRA,EQ,Quintegra Solutions Limited
INE034A01011,ARVIND,EQ,Arvind Limited
INE034D01031,PTL,BE,PTL Enterprises Limited
INE034H01016,SORILINFRA,EQ,SORIL Infra Resources Limited
INE034S01021,ARVSMART,EQ,Arvind SmartSpaces Limited
INE035D01012,SOTL,EQ,Savita Oil Technologies Limited
INE036A01016,RELINFRA,EQ,Reliance Infrastructure Limited
INE036B01022,GAEL,EQ,Gujarat Ambuja Exports Limited
INE036D01028,KARURVYSYA,EQ,Karur Vysya Bank Limited
INE037A01022,UNIENTER,EQ,Uniphos Enterprises Limited
INE038A01020,HINDALCO,EQ,Hindalco Industries Limited
INE038F01029,TVTODAY,EQ,TV Today Network Limited
INE039A01010,IFCI,EQ,IFCI Limited
INE039B01026,CINEVISTA,BE,Cinevista Limited
INE039C01032,JAMNAAUTO,EQ,Jamna Auto Industries Limited
INE040A01026,HDFCBANK,EQ,HDFC Bank Limited
INE040A01026,HDFCBANK,IL,HDFC Bank Limited
INE040D01038,MAYURUNIQ,EQ,Mayur Uniquoters Ltd
INE040H01021,SUZLON,EQ,Suzlon Energy Limited
INE040M01013,TREEHOUSE,BE,Tree House Education & Accessories Limited
INE041A01016,DHAMPURSUG,EQ,Dhampur Sugar Mills Limited
INE042A01014,ESCORTS,EQ,Escorts Limited
INE043A01012,GTL,EQ,GTL Limited
INE043C01018,IVP,EQ,IVP Limited
INE043D01016,IDFC,EQ,IDFC Limited
INE043K01029,BSLIMITED,EQ,BS Limited
INE044A01036,SUNPHARMA,EQ,Sun Pharmaceutical Industries Limited
INE045A01017,ADORWELD,EQ,Ador Welding Limited
INE045B01015,NELCO,EQ,NELCO Limited
INE045J01026,FCL,EQ,Fineotex Chemical Limited
INE046A01015,RIIL,EQ,Reliance Industrial Infrastructure Limited
INE047A01021,GRASIM,EQ,Grasim Industries Limited
INE047B01011,GILLANDERS,BE,Gillanders Arbuthnot & Company Limited
INE047O01014,NIBL,EQ,NRB Industrial Bearings Limited
INE048B01027,JAGSNPHARM,EQ,Jagsonpal Pharmaceuticals Limited
INE048C01017,VICEROY,EQ,Viceroy Hotels Limited
INE048G01026,NAVINFLUOR,EQ,Navin Fluorine International Limited
INE049A01027,HIMATSEIDE,EQ,Himatsingka Seide Limited
INE049B01025,WOCKPHARMA,EQ,Wockhardt Limited
INE049I01012,NAHARCAP,EQ,Nahar Capital and Financial Services Limited
INE050A01025,BBTC,EQ,Bombay Burmah Trading Corporation Limited
INE050B01023,IVC,EQ,IL&FS Investment Managers Limited
INE050E01027,BALAMINES,EQ,Balaji Amines Limited
INE050H01012,RML,EQ,Rane (Madras) Limited
INE050M01012,VSSL,EQ,Vardhman Special Steels Limited
INE051B01021,VAKRANGEE,EQ,Vakrangee Limited
INE052A01021,WINDMACHIN,EQ,Windsor Machines Limited
INE052I01032,CAMLINFINE,EQ,Camlin Fine Sciences Limited
INE053A01029,INDHOTEL,EQ,The Indian Hotels Company Limited
INE054A01027,VIPIND,EQ,VIP Industries Limited
INE055A01016,CENTURYTEX,EQ,Century Textiles & Industries Limited
INE056C01010,TATAMETALI,EQ,Tata Metaliks Limited
INE056I01017,REFEX,EQ,Refex Industries Limited
INE058A01010,SANOFI,EQ,Sanofi India Limited
INE058B01018,ZENITHEXPO,EQ,Zenith Exports Limited
INE059A01026,CIPLA,EQ,Cipla Limited
INE059B01024,SIMPLEXINF,EQ,Simplex Infrastructures Limited
INE059D01020,LAOPALA,EQ,La Opala RG Limited
INE060A01024,NAVNETEDUL,EQ,Navneet Education Limited
INE060B01014,KHANDSE,BE,Khandwala Securities Limited
INE060J01017,FLEXITUFF,BE,Flexituff International Limited
INE061A01014,INDIANCARD,EQ,Indian Card Clothing Company Limited
INE061F01013,FORTIS,EQ,Fortis Healthcare Limited
INE062A01020,SBIN,EQ,State Bank of India
INE062D01024,ALICON,EQ,Alicon Castalloy Limited
INE063J01011,EUROMULTI,EQ,Euro Multivision Limited
INE064C01014,TRIDENT,EQ,Trident Limited
INE065B01013,INDLMETER,BE,IMP Powers Limited
INE065J01016,GISOLUTION,EQ,GI Engineering Solutions Limited
INE066A01013,EICHERMOT,EQ,Eicher Motors Limited
INE066O01014,WONDERLA,EQ,Wonderla Holidays Limited
INE066P01011,INOXWIND,EQ,Inox Wind Limited
INE067A01029,CGPOWER,EQ,CG Power and Industrial Solutions Limited
INE067D01015,VIMALOIL,BE,Vimal Oil & Foods Limited
INE067H01016,ABGSHIP,BZ,ABG Shipyard Limited
INE068D01021,CASTEXTECH,BE,Castex Technologies Limited
INE068L01016,CANTABIL,EQ,Cantabil Retail India Limited
INE069I01010,IBREALEST,EQ,Indiabulls Real Estate Limited
INE070A01015,SHREECEM,EQ,SHREE CEMENT LIMITED
INE070C01037,COMPINFO,EQ,Compuage Infocom Limited
INE070D01027,JAICORPLTD,EQ,Jai Corp Limited
INE070I01018,INSECTICID,EQ,Insecticides (India) Limited
INE071A01013,BINANIIND,BE,Binani Industries Limited
INE071D01033,MENONBE,EQ,Menon Bearings Limited
INE071E01023,UGARSUGAR,EQ,The Ugar Sugar Works Limited
INE071F01012,APCL,EQ,Anjani Portland Cement Limited
INE073D01013,SUNDRMBRAK,EQ,Sundaram Brake Linings Limited
INE074A01025,PRAJIND,EQ,Praj Industries Limited
INE074B01023,PARACABLES,EQ,Paramount Communications Limited
INE075A01022,WIPRO,EQ,Wipro Limited
INE075B01012,SICAL,EQ,Sical Logistics Limited
INE075D01018,GMBREW,EQ,GM Breweries Limited
INE075I01017,HCG,EQ,Healthcare Global Enterprises Limited
INE076B01028,SIYSIL,EQ,Siyaram Silk Mills Limited
INE076C01018,IFBAGRO,BE,IFB Agro Industries Limited
INE076H01025,EON,BE,Eon Electric Limited
INE077A01010,DENABANK,EQ,Dena Bank
INE077B01018,ZODJRDMKJ,EQ,Zodiac JRD- MKJ Limited
INE077F01035,GOCLCORP,EQ,GOCL Corporation Limited
INE078A01026,EMCO,EQ,Emco Limited
INE079A01024,AMBUJACEM,EQ,Ambuja Cements Limited
INE080A01014,WEIZMANIND,EQ,Weizmann Limited
INE080B01012,KOHINOOR,EQ,Kohinoor Foods Limited
INE081A01012,TATASTEEL,EQ,Tata Steel Limited
INE082A01010,KOPRAN,EQ,Kopran Limited
INE083A01026,MOREPENLAB,EQ,Morepen Laboratories Limited
INE083B01016,THEMISMED,EQ,Themis Medicare Limited
INE083C01022,PLASTIBLEN,EQ,Plastiblends India Limited
INE083D01012,BALPHARMA,EQ,Bal Pharma Limited
INE084A01016,BANKINDIA,EQ,Bank of India
INE085A01013,CHAMBLFERT,EQ,Chambal Fertilizers & Chemicals Limited
INE085J01014,THANGAMAYL,EQ,Thangamayil Jewellery Limited
INE086A01029,ELECTCAST,EQ,Electrosteel Castings Limited
INE087A01019,KESORAMIND,EQ,Kesoram Industries Limited
INE087B01017,ANIKINDS,EQ,Anik Industries Limited
INE087H01022,RENUKA,EQ,Shree Renuka Sugars Limited
INE087J01010,MANDHANA,BE,Mandhana Industries Limited
INE088B01015,NATNLSTEEL,EQ,National Steel And Agro Industries Limited
INE089A01023,DRREDDY,EQ,Dr. Reddy's Laboratories Limited
INE089C01029,STRTECH,EQ,Sterlite Technologies Limited
INE090A01021,ICICIBANK,EQ,ICICI Bank Limited
INE090B01011,OMAXAUTO,EQ,Omax Autos Limited
INE090C01019,STINDIA,BE,STI India Limited
INE091G01018,JAIBALAJI,BE,Jai Balaji Industries Limited
INE092A01019,TATACHEM,EQ,Tata Chemicals Limited
INE092B01017,INDNIPPON,EQ,India Nippon Electricals Limited
INE092T01019,IDFCBANK,EQ,IDFC Bank Limited
INE093A01033,HEXAWARE,EQ,Hexaware Technologies Limited
INE093B01015,ALPSINDUS,BE,Alps Industries Limited
INE093I01010,OBEROIRLTY,EQ,Oberoi Realty Limited
INE093R01011,LSIL,BE,Lloyds Steels Industries Limited
INE094A01015,HINDPETRO,EQ,Hindustan Petroleum Corporation Limited
INE094I01018,KOLTEPATIL,EQ,Kolte - Patil Developers Limited
INE095A01012,INDUSINDBK,EQ,IndusInd Bank Limited
INE095I01015,PPAP,EQ,PPAP Automotive Limited
INE095N01023,NBCC,EQ,NBCC (India) Limited
INE096B01018,NUCLEUS,EQ,Nucleus Software Exports Limited
INE096L01025,KTIL,EQ,Kesar Terminals & Infrastructure Limited
INE098F01023,AMRUTANJAN,EQ,Amrutanjan Health Care Limited
INE099F01013,SREEL,EQ,Sreeleathers Limited
INE099J01015,JPINFRATEC,EQ,Jaypee Infratech Limited
INE100A01010,ATUL,EQ,Atul Limited
INE100D01014,WSI,EQ,W S Industries (I) Limited
INE101A01026,M&M,EQ,Mahindra & Mahindra Limited
INE101D01020,GRANULES,EQ,Granules India Limited
INE102A01024,HOTELEELA,EQ,Hotel Leela Venture Limited
INE102D01028,GODREJCP,EQ,Godrej Consumer Products Limited
INE102I01027,ADSL,BE,Allied Digital Services Limited
INE103A01014,MRPL,EQ,Mangalore Refinery and Petrochemicals Limited
INE105A01035,SUNCLAYLTD,EQ,Sundaram Clayton Limited
INE105C01023,PDUMJEIND,EQ,Pudumjee Industries Limited
INE105I01012,SELMCL,EQ,SEL Manufacturing Company Limited
INE105J01010,RPGLIFE,EQ,RPG Life Sciences Limited
INE107A01015,TNPL,EQ,Tamil Nadu Newsprint & Papers Limited
INE107F01022,WANBURY,BE,Wanbury Limited
INE108E01023,SUNDARAM,EQ,Sundaram Multi Pap Limited
INE109A01011,SCI,EQ,Shipping Corporation Of India Limited
INE109C01017,ARMANFIN,BE,Arman Financial Services Limited
INE110A01019,BPL,EQ,BPL Limited
INE110B01017,MINDTECK,EQ,Mindteck (India) Limited
INE110D01013,GUJNRECOKE,EQ,Gujarat NRE Coke Limited
INE111A01017,CONCOR,EQ,Container Corporation of India Limited
INE111B01023,63MOONS,EQ,63 moons technologies limited
INE111Q01013,PDSMFL,EQ,PDS Multinational Fashions Limited
INE112A01023,CORPBANK,EQ,Corporation Bank
INE112F01022,LAMBODHARA,EQ,Lambodhara Textiles Limited
INE113A01013,GNFC,EQ,Gujarat Narmada Valley Fertilizers and Chemicals Limited
INE113O01014,BLUEBLENDS,EQ,Blue Blends (I) Limited
INE114A01011,SAIL,EQ,Steel Authority of India Limited
INE115A01026,LICHSGFIN,EQ,LIC Housing Finance Limited
INE116A01024,APCOTEXIND,EQ,Apcotex Industries Limited
INE116D01028,BAGFILMS,BE,B.A.G Films and Media Limited
INE116G01013,VARDHACRLC,EQ,Vardhman Acrylics Limited
INE117A01022,ABB,EQ,ABB India Limited
INE117B01012,CURATECH,BE,Cura Technologies Limited
INE118A01012,BAJAJHLDNG,EQ,Bajaj Holdings & Investment Limited
INE118H01025,BSE,EQ,BSE Limited
INE119A01028,BALRAMCHIN,EQ,Balrampur Chini Mills Limited
INE120A01034,CARBORUNIV,EQ,Carborundum Universal Limited
INE120D01012,HITECHCORP,EQ,Hitech Corporation Limited
INE121A01016,CHOLAFIN,EQ,Cholamandalam Investment and Finance Company Limited
INE121E01018,JSWENERGY,EQ,JSW Energy Limited
INE121J01017,INFRATEL,EQ,Bharti Infratel Limited
INE122M01019,ESSARSHPNG,EQ,Essar Shipping Limited
INE122R01018,MANPASAND,EQ,Manpasand Beverages Limited
INE123B01028,NAGREEKEXP,BE,Nagreeka Exports Limited
INE123C01018,TAINWALCHM,EQ,Tainwala Chemical and Plastic (I) Limited
INE123F01029,MMTC,EQ,MMTC Limited
INE123W01016,SBILIFE,EQ,SBI Life Insurance Company Limited
INE124G01033,DELTACORP,EQ,Delta Corp Limited
INE126A01031,EIDPARRY,EQ,EID Parry India Limited
INE126M01010,SORILHOLD,BE,SORIL Holdings and Ventures Limited
INE127B01011,HITECHGEAR,EQ,The Hi-Tech Gears Limited
INE127I01024,GOODLUCK,EQ,Goodluck India Limited
INE128A01029,EVEREADY,EQ,Eveready Industries India Limited
INE129A01019,GAIL,EQ,GAIL (India) Limited
INE130B01031,SURANAT&P,BE,Surana Telecom and Power Limited
INE130C01021,AMTEKAUTO,BE,Amtek Auto Limited
INE131A01031,GMDCLTD,EQ,Gujarat Mineral Development Corporation Limited
INE131B01039,RELAXO,EQ,Relaxo Footwears Limited
INE132H01018,AURIONPRO,EQ,Aurionpro Solutions Limited
INE133A01011,AKZOINDIA,EQ,Akzo Nobel India Limited
INE133B01019,KESARENT,EQ,Kesar Enterprises Limited
INE133E01013,TI,BE,Tilaknagar Industries Limited
INE133Y01011,IFGLEXPOR,EQ,IFGL Refractories Limited
INE134B01017,KECL,EQ,Kirloskar Electric Company Limited
INE134E01011,PFC,EQ,Power Finance Corporation Limited
INE136B01020,CYIENT,EQ,Cyient Limited
INE137C01018,ALPHAGEO,EQ,Alphageo (India) Limited
INE137I01015,GRPLTD,EQ,GRP Limited
INE138A01028,PENINLAND,EQ,Peninsula Land Limited
INE138C01024,KANORICHEM,EQ,Kanoria Chemicals & Industries Limited
INE139A01034,NATIONALUM,EQ,National Aluminium Company Limited
INE139B01016,UCALFUEL,EQ,Ucal Fuel Systems Limited
INE139I01011,BVCL,BE,Barak Valley Cements Limited
INE140A01024,PEL,EQ,Piramal Enterprises Limited
INE141A01014,ORIENTBANK,EQ,Oriental Bank of Commerce
INE141D01018,TNTELE,BE,Tamilnadu Telecommunication Limited
INE141K01013,TEXMOPIPES,BE,Texmo Pipes and Products Limited
INE142I01023,TAKE,EQ,Take Solutions Limited
INE142K01011,LYPSAGEMS,EQ,Lypsa Gems & Jewellery Limited
INE143A01010,BINDALAGRO,EQ,Oswal Chemicals & Fertilizers Limited
INE143H01015,KSK,BE,KSK Energy Ventures Limited
INE144D01012,CUBEXTUB,BE,Cubex Tubings Limited
INE144J01027,20MICRONS,EQ,20 Microns Limited
INE146L01010,KIRLOSENG,EQ,Kirloskar Oil Engines Limited
INE147A01011,SPIC,EQ,Southern Petrochemicals Industries Corporation  Limited
INE147P01019,JPOLYINVST,EQ,Jindal Poly Investment and Finance Company Limited
INE148A01019,TNPETRO,EQ,Tamilnadu PetroProducts Limited
INE148I01020,IBULHSGFIN,EQ,Indiabulls Housing Finance Limited
INE149A01033,TIFIN,EQ,TI Financial Holdings Limited
INE150B01021,ALKYLAMINE,EQ,Alkyl Amines Chemicals Limited
INE150G01020,LUXIND,EQ,Lux Industries Limited
INE151A01013,TATACOMM,EQ,Tata Communications Limited
INE152A01029,THERMAX,EQ,Thermax Limited
INE152B01027,GATI,EQ,GATI Limited
INE152M01016,TRITURBINE,EQ,Triveni Turbine Limited
INE153A01019,MTNL,EQ,Mahanagar Telephone Nigam Limited
INE153T01027,BLS,EQ,BLS International Services Limited
INE153U01017,MAXINDIA,EQ,Max India Limited
INE154A01025,ITC,EQ,ITC Limited
INE154U01015,MAXVIL,EQ,Max Ventures and Industries Limited
INE155A01022,TATAMOTORS,EQ,Tata Motors Limited
INE155B01012,HINDSYNTEX,EQ,Hind Syntex Limited
INE155C01010,ALBERTDAVD,BE,Albert David Limited
INE155G01029,NDTV,EQ,New Delhi Television Limited
INE156A01020,INDORAMA,EQ,Indo Rama Synthetics (India) Limited
INE156C01018,PIONEEREMB,EQ,Pioneer Embroideries Limited
INE157H01023,KMSUGAR,EQ,K.M.Sugar Mills Limited
INE158A01026,HEROMOTOCO,EQ,Hero MotoCorp Limited
INE158B01016,EIMCOELECO,EQ,Eimco Elecon (India) Limited
INE159A01016,GLAXO,EQ,GlaxoSmithKline Pharmaceuticals Limited
INE159N01027,VIJIFIN,BE,Viji Finance Limited
INE160A01022,PNB,EQ,Punjab National Bank
INE160H01019,PBAINFRA,BE,PBA Infrastructure Limited
INE161A01038,NIITLTD,EQ,NIIT Limited
INE161G01027,MORARJEE,EQ,Morarjee Textiles Limited
INE162A01010,GIPCL,EQ,Gujarat Industries Power Company Limited
INE162B01018,LUMAXIND,EQ,Lumax Industries Limited
INE163A01018,NOCIL,EQ,NOCIL Limited
INE164A01016,BALMLAWRIE,EQ,Balmer Lawrie & Company Limited
INE164B01022,KELLTONTEC,BE,Kellton Tech Solutions Limited
INE165B01029,RSSOFTWARE,EQ,R. S. Software (India) Limited
INE168A01041,J&KBANK,EQ,The Jammu & Kashmir Bank Limited
INE169A01031,COROMANDEL,EQ,Coromandel International Limited
INE170I01016,HGS,EQ,Hinduja Global Solutions Limited
INE170V01019,SALASAR,EQ,Salasar Techno Engineering Limited
INE171A01029,FEDERALBNK,EQ,The Federal Bank  Limited
INE172A01027,CASTROLIND,EQ,Castrol India Limited
INE172H01014,RMCL,EQ,Radha Madhav Corporation Limited
INE172N01012,ADLABS,BE,Adlabs Entertainment Limited
INE173A01025,SIL,BE,Standard Industries Limited
INE175A01038,JISLJALEQS,EQ,Jain Irrigation Systems Limited
INE176A01028,BATAINDIA,EQ,Bata India Limited
INE176B01034,HAVELLS,EQ,Havells India Limited
INE176C01016,SATHAISPAT,EQ,Sathavahana Ispat Limited
INE176J01011,SICAGEN,EQ,Sicagen India Limited
INE177A01018,INGERRAND,EQ,Ingersoll Rand (India) Limited
INE177H01013,GPIL,EQ,Godawari Power And Ispat limited
INE178A01016,CHENNPETRO,EQ,Chennai Petroleum Corporation Limited
INE178C01020,SMARTLINK,EQ,Smartlink Network Systems Limited
INE179A01014,PGHH,EQ,Procter & Gamble Hygiene and Health Care Limited
INE180A01020,MFSL,EQ,Max Financial Services Limited
INE180C01026,CGCL,EQ,Capri Global Capital Limited
INE180G01019,EDL,BE,Empee Distilleries Limited
INE180K01011,BHARATFIN,EQ,Bharat Financial Inclusion Limited
INE181G01025,GAMMNINFRA,EQ,Gammon Infrastructure Projects Limited
INE182A01018,PFIZER,EQ,Pfizer Limited
INE182D01012,MARATHON,EQ,Marathon Nextgen Realty Limited
INE183A01016,FINPIPE,EQ,Finolex Industries Limited
INE183H01011,XLENERGY,BE,XL Energy Limited
INE184C01028,CIMMCO,BE,Cimmco Limited
INE184H01027,EKC,EQ,Everest Kanto Cylinder Limited
INE185H01016,CELEBRITY,EQ,Celebrity Fashions Limited
INE186A01019,GUJALKALI,EQ,Gujarat Alkalies and Chemicals Limited
INE186H01014,BASML,EQ,Bannari Amman Spinning Mills Limited
INE187A01017,JBFIND,EQ,JBF Industries Limited
INE187D01011,TALBROAUTO,EQ,Talbros Automotive Components Limited
INE188A01015,FACT,EQ,Fertilizers and Chemicals Travancore Limited
INE188B01013,IGARASHI,EQ,Igarashi Motors India Limited
INE189B01011,INEOSSTYRO,EQ,INEOS Styrolution India Limited
INE189I01024,NELCAST,EQ,Nelcast Limited
INE190H01016,SAKUMA,BE,Sakuma Exports Limited
INE191A01019,ORCHIDPHAR,BE,Orchid Pharma Limited
INE191B01025,WELCORP,EQ,Welspun Corp Limited
INE191H01014,PVR,EQ,PVR Limited
INE191I01012,HDIL,EQ,Housing Development and Infrastructure Limited
INE192A01025,TATAGLOBAL,EQ,Tata Global Beverages Limited
INE192B01031,WELSPUNIND,EQ,Welspun India Limited
INE192R01011,DMART,EQ,Avenue Supermarts Limited
INE193B01039,AYMSYNTEX,EQ,AYM Syntex Limited
INE193E01025,BAJAJELEC,EQ,Bajaj Electricals Limited
INE194B01029,PANORAMUNI,EQ,Panoramic Universal Limited
INE195A01028,SUPREMEIND,EQ,Supreme Industries Limited
INE195J01029,PNCINFRA,EQ,PNC Infratech Limited
INE195N01013,PROZONINTU,EQ,Prozone Intu Properties Limited
INE196A01026,MARICO,EQ,Marico Limited
INE196B01016,SHIRPUR-G,EQ,Shirpur Gold Refinery Limited
INE196J01019,OISL,BE,OCL Iron and Steel Limited
INE197A01024,JYOTISTRUC,EQ,Jyoti Structures Limited
INE197D01010,JINDALPOLY,EQ,Jindal Poly Films Limited
INE197J01017,LPDC,BE,Landmark Property Development Company Limited
INE199A01012,MERCK,EQ,Merck Limited
INE199C01026,ADVANIHOTR,EQ,Advani Hotels & Resorts (India) Limited
INE199G01027,JAGRAN,EQ,Jagran Prakashan Limited
INE200A01026,GET&D,EQ,GE T&D India Limited
INE200M01013,VBL,EQ,Varun Beverages Limited
INE201A01024,MANALIPETC,EQ,Manali Petrochemicals Limited
INE201K01015,SQSBFSI,EQ,SQS India BFSI Limited
INE201M01011,CLEDUCATE,EQ,CL Educate Limited
INE202B01012,DHFL,EQ,Dewan Housing Finance Corporation Limited
INE202H01019,KERNEX,BZ,Kernex Microsystems (India) Limited
INE203A01020,ASTRAZEN,EQ,AstraZeneca Pharma India Limited
INE203G01027,IGL,EQ,Indraprastha Gas Limited
INE204A01010,IGPL,EQ,IG Petrochemicals Limited
INE204E01012,AGARIND,BE,Agarwal Industrial Corporation Limited
INE205A01025,VEDL,EQ,Vedanta Limited
INE205B01023,ELECON,EQ,Elecon Engineering Company Limited
INE205C01021,POLYMED,EQ,Poly Medicure Limited
INE206B01013,ZODIACLOTH,EQ,Zodiac Clothing Company Limited
INE208A01029,ASHOKLEY,EQ,Ashok Leyland Limited
INE208C01025,AEGISCHEM,EQ,Aegis Logistics Limited
INE209A01019,ATFL,EQ,Agro Tech Foods Limited
INE209B01025,RICOAUTO,EQ,Rico Auto Industries Limited
INE209L01016,CEBBCO,BE,Commercial Engineers & Body Builders Co Limited
INE210A01017,WILLAMAGOR,BE,Williamson Magor & Company Limited
INE210C01013,AROGRANITE,EQ,Aro Granite Industries Limited
INE211B01039,PHOENIXLTD,EQ,The Phoenix Mills Limited
INE211R01019,POWERMECH,EQ,Power Mech Projects Limited
INE212H01026,AIAENG,EQ,AIA Engineering Limited
INE212I01016,SPAL,EQ,S. P. Apparels Limited
INE213A01029,ONGC,EQ,Oil & Natural Gas Corporation Limited
INE213C01025,BANCOINDIA,EQ,Banco Products (I) Limited
INE214A01019,CYBERTECH,EQ,Cybertech Systems And Software Limited
INE214T01019,LTI,EQ,Larsen & Toubro Infotech Limited
INE215F01023,WIPL,BE,The Western India Plywoods Limited
INE215G01021,SMPL,BE,Splendid Metal Products Limited
INE215I01019,MAANALU,EQ,Maan Aluminium Limited
INE216A01022,BRITANNIA,EQ,Britannia Industries Limited
INE216D01026,KSERASERA,BE,KSS Limited
INE216G01011,SUJANAUNI,BE,Sujana Universal Industries Limited
INE216H01027,EDUCOMP,BZ,Educomp Solutions Limited
INE217A01012,ZUARIGLOB,EQ,Zuari Global Limited
INE217B01036,KAJARIACER,EQ,Kajaria Ceramics Limited
INE217K01011,RHFL,EQ,Reliance Home Finance Limited
INE218C01016,AUSOMENT,EQ,Ausom Enterprise Limited
INE218G01033,PALREDTEC,EQ,Palred Technologies Limited
INE219H01039,SRSLTD,EQ,SRS Limited
INE220B01022,KALPATPOWR,EQ,Kalpataru Power Transmission Limited
INE220G01021,JSL,EQ,Jindal Stainless Limited
INE220J01025,FCONSUMER,EQ,Future Consumer Limited
INE221B01012,DYNAMATECH,EQ,Dynamatic Technologies Limited
INE221H01019,GTLINFRA,EQ,GTL Infrastructure Limited
INE221I01017,CELESTIAL,EQ,Celestial Biolabs Limited
INE221J01015,SHARDACROP,EQ,Sharda Cropchem Limited
INE222J01013,RANEENGINE,EQ,Rane Engine Valve Limited
INE223G01017,EXCELCROP,EQ,Excel Crop Care Limited
INE224A01026,GREAVESCOT,EQ,Greaves Cotton Limited
INE224E01028,STAMPEDE,BE,Stampede Capital Limited
INE224E01036,SCAPDVR,EQ,Stampede Capital Limited
INE224M01013,BGLOBAL,BE,Bharatiya Global Infomedia Limited
INE225D01027,SYMPHONY,EQ,Symphony Limited
INE225I01026,ZYLOG,EQ,Zylog Systems Limited
INE226A01021,VOLTAS,EQ,Voltas Limited
INE226H01026,SADBHAV,EQ,Sadbhav Engineering Limited
INE227C01017,MMFL,EQ,MM Forgings Limited
INE227G01018,INDOWIND,BE,Indowind Energy Limited
INE228A01035,USHAMART,EQ,Usha Martin Limited
INE228I01012,ASAHISONG,EQ,Asahi Songwon Colors Limited
INE229A01017,ONWARDTEC,EQ,Onward Technologies Limited
INE229C01013,SAGCEM,EQ,Sagar Cements Limited
INE229H01012,NITINSPIN,EQ,Nitin Spinners Limited
INE230A01023,EIHOTEL,EQ,EIH Limited
INE230B01021,CREATIVEYE,EQ,Creative Eye Limited
INE230R01027,RAMASTEEL,BE,Rama Steel Tubes Limited
INE231C01019,SHREYANIND,EQ,Shreyans Industries Limited
INE231F01020,SASKEN,EQ,Sasken Technologies Limited
INE231G01010,ORBTEXP,EQ,Orbit Exports Limited
INE232I01014,SPARC,EQ,Sun Pharma Advanced Research Company Limited
INE233A01035,GODREJIND,EQ,Godrej Industries Limited
INE233B01017,BLUEDART,EQ,Blue Dart Express Limited
INE234I01010,KAUSHALYA,EQ,Kaushalya Infrastructure Development Corporation Limited
INE235A01022,FINCABLES,EQ,Finolex Cables Limited
INE235C01010,SUMEETINDS,EQ,Sumeet Industries Limited
INE235G01011,USHERAGRO,BE,Usher Agro Limited
INE236A01020,HCL-INSYS,EQ,HCL Infosystems Limited
INE236G01019,TVSELECT,BE,TVS Electronics Limited
INE237A01028,KOTAKBANK,EQ,Kotak Mahindra Bank Limited
INE238A01034,AXISBANK,EQ,Axis Bank Limited
INE239A01016,NESTLEIND,EQ,Nestle India Limited
INE239D01028,OMMETALS,EQ,OM Metals Infraprojects Limited
INE240C01028,UMESLTD,EQ,Usha Martin Education & Solutions Limited
INE242A01010,IOC,EQ,Indian Oil Corporation Limited
INE242C01024,ANANTRAJ,EQ,Anant Raj Limited
INE243D01012,BFUTILITIE,EQ,BF Utilities Limited
INE244A01016,DENORA,EQ,De Nora India Limited
INE244B01030,PATELENG,EQ,Patel Engineering Limited
INE244J01017,RBL,EQ,Rane Brake Lining Limited
INE245A01021,TATAPOWER,EQ,Tata Power Company Limited
INE245C01019,LEEL,EQ,LEEL Electricals Limited
INE245I01016,NAGREEKCAP,EQ,Nagreeka Capital & Infrastructure Limited
INE246B01019,RAMCOSYS,EQ,Ramco Systems Limited
INE246F01010,GSPL,EQ,Gujarat State Petronet Limited
INE247D01021,JINDWORLD,EQ,Jindal Worldwide Limited
INE247M01014,SPECIALITY,EQ,Speciality Restaurants Limited
INE248A01017,ITI,EQ,ITI Limited
INE249C01011,FEDDERELEC,EQ,Fedders Electric and Engineering Limited
INE250A01039,KIRLOSIND,EQ,Kirloskar Industries Limited
INE250B01029,VINYLINDIA,EQ,Vinyl Chemicals (India) Limited
INE250K01012,DLINKINDIA,EQ,D-Link (India) Limited
INE251B01027,ZENTEC,EQ,Zen Technologies Limited
INE251C01017,ABMINTLTD,BE,ABM International Limited
INE251H01024,GVKPIL,BE,GVK Power & Infrastructure Limited
INE253A01025,HINDMOTORS,BE,Hindustan Motors Limited
INE253B01015,21STCENMGM,BE,21st Century Management Services Limited
INE255A01020,ESSELPACK,EQ,Essel Propack Limited
INE255D01024,GULPOLY,EQ,Gulshan Polyols Limited
INE256A01028,ZEEL,EQ,Zee Entertainment Enterprises Limited
INE256C01024,TRIVENI,EQ,Triveni Engineering & Industries Limited
INE256H01015,DYNPRO,BE,Dynemic Products Limited
INE257A01026,BHEL,EQ,Bharat Heavy Electricals Limited
INE258A01016,BEML,EQ,BEML Limited
INE258B01022,FDC,EQ,FDC Limited
INE259A01022,COLPAL,EQ,Colgate Palmolive (India) Limited
INE259B01020,GAMMONIND,BZ,Gammon India Limited
INE260B01028,GODFRYPHLP,EQ,Godfrey Phillips India Limited
INE260D01016,GOLDINFRA,EQ,Goldstone Infratech Limited
INE262A01018,HMT,BZ,HMT Limited
INE262H01013,PERSISTENT,EQ,Persistent Systems Limited
INE263A01024,BEL,EQ,Bharat Electronics Limited
INE263L01013,SANGHVIFOR,EQ,Sanghvi Forging and Engineering Limited
INE264A01014,GSKCONS,EQ,GlaxoSmithKline Consumer Healthcare Limited
INE264T01014,CAPACITE,EQ,Capacit'e Infraprojects Limited
INE265F01028,ENIL,EQ,Entertainment Network (India) Limited
INE266F01018,APTECHT,EQ,Aptech Limited
INE267A01025,HINDZINC,EQ,Hindustan Zinc Limited
INE267I01010,ARSSINFRA,BE,ARSS Infrastructure Projects Limited
INE268B01013,KREBSBIO,BE,Krebs Biochemicals and Industries Limited
INE268C01029,EASUNREYRL,BE,Easun Reyrolle Limited
INE268L01020,SPYL,BE,Shekhawati Poly-Yarn Limited
INE269A01021,SONATSOFTW,EQ,Sonata Software Limited
INE269B01029,LAXMIMACH,EQ,Lakshmi Machine Works Limited
INE270A01011,ALOKTEXT,BE,Alok Industries Limited
INE270I01014,VISHNU,BE,Vishnu Chemicals Limited
INE271B01025,MAHSEAMLES,EQ,Maharashtra Seamless Limited
INE271C01023,DLF,EQ,DLF Limited
INE272L01022,SURANASOL,BE,Surana Solar Limited
INE273D01019,AARVEEDEN,EQ,Aarvee Denims & Exports Limited
INE274B01011,MONSANTO,EQ,Monsanto India Limited
INE274C01019,WENDT,EQ,Wendt (India) Limited
INE274G01010,IBVENTURES,EQ,Indiabulls Ventures Limited
INE274J01014,OIL,EQ,Oil India Limited
INE274V01019,SHANKARA,EQ,Shankara Building Products Limited
INE275B01026,PAPERPROD,EQ,Huhtamaki PPL Limited
INE275F01019,HOTELRUGBY,BE,Hotel Rugby Limited
INE276A01018,GARWALLROP,EQ,Garware  Wall Ropes Limited
INE276C01014,EIHAHOTELS,EQ,EIH Associated Hotels Limited
INE277A01016,SWARAJENG,EQ,Swaraj Engines Limited
INE277B01014,PUNJABCHEM,EQ,Punjab Chemicals & Crop Protection Limited
INE277C01012,REGENCERAM,BE,Regency Ceramics Limited
INE278B01020,RAMANEWS,EQ,Shree Rama Newsprint Limited
INE278G01037,CYBERMEDIA,BE,Cyber Media (India) Limited
INE278M01019,NAVKARCORP,EQ,Navkar Corporation Limited
INE279A01012,UNIVCABLES,EQ,Universal Cables Limited
INE280A01028,TITAN,EQ,Titan Company Limited
INE281A01026,CENTEXT,EQ,Century Extrusions Limited
INE283A01014,PRECOT,EQ,Precot Meridian Limited
INE283H01019,ROHLTD,EQ,Royal Orchid Hotels Limited
INE284A01012,ESABINDIA,EQ,Esab India Limited
INE285A01027,ELGIEQUIP,EQ,Elgi Equipments Limited
INE285H01022,ATLANTA,EQ,Atlanta  Limited
INE285J01010,SIS,EQ,Security and Intelligence Services (India) Limited
INE286H01012,VISASTEEL,BE,Visa Steel Limited
INE286K01024,TECHNO,EQ,Techno Electric & Engineering Company Limited
INE287B01021,SUBROS,EQ,Subros Limited
INE287C01029,MIC,BE,MIC Electronics Limited
INE288A01013,MAHSCOOTER,EQ,Maharashtra Scooters Limited
INE288B01029,DEEPAKNTR,EQ,Deepak Nitrite Limited
INE289A01011,NAHARINDUS,EQ,Nahar Industrial Enterprises Limited
INE289B01019,GICHSGFIN,EQ,GIC Housing Finance Limited
INE289C01025,TIMESGTY,EQ,Times Guaranty Limited
INE290A01027,NAHARSPING,EQ,Nahar Spinning Mills Limited
INE290B01025,OCL,EQ,OCL India Limited
INE291D01011,KDDL,BE,KDDL Limited
INE292A01023,UVSL,EQ,Uttam Value Steels Limited
INE292B01021,HBLPOWER,EQ,HBL Power Systems Limited
INE293A01013,ROLTA,EQ,Rolta India Limited
INE294A01037,BALLARPUR,EQ,Ballarpur Industries Limited
INE294B01019,SMLISUZU,EQ,SML Isuzu Limited
INE294G01018,RAJOIL,BZ,Raj Oil Mills Limited
INE295A01018,EVERESTIND,EQ,Everest Industries Limited
INE295D01020,NACLIND,EQ,NACL Industries Limited
INE295F01017,BUTTERFLY,BE,Butterfly Gandhimathi Appliances Limited
INE296A01024,BAJFINANCE,EQ,Bajaj Finance Limited
INE296G01013,MUTHOOTCAP,EQ,Muthoot Capital Services Limited
INE296H01011,EMKAY,EQ,Emkay Global Financial Services Limited
INE297H01019,GALLANTT,EQ,Gallantt Metal Limited
INE298A01020,CUMMINSIND,EQ,Cummins India Limited
INE298G01027,AJMERA,EQ,Ajmera Realty & Infra India Limited
INE298I01015,ARIES,BE,Aries Agro Limited
INE298J01013,RNAM,EQ,Reliance Nippon Life Asset Management Limited
INE299C01024,KGL,BE,Karuturi Global Limited
INE299U01018,CROMPTON,EQ,Crompton Greaves Consumer Electricals Limited
INE301A01014,RAYMOND,EQ,Raymond Limited
INE301D01026,RUBYMILLS,EQ,The Ruby Mills Limited
INE302A01020,EXIDEIND,EQ,Exide Industries Limited
INE302H01017,GTNTEX,BE,GTN Textiles Limited
INE302M01033,PRABHAT,EQ,Prabhat Dairy Limited
INE303A01010,DICIND,EQ,DIC India Limited
INE304A01026,MUKANDLTD,EQ,Mukand Limited
INE305A01015,TFCILTD,EQ,Tourism Finance Corporation of India Limited
INE305C01029,PANAMAPET,EQ,Panama Petrochem Limited
INE305H01028,SUNILHITEC,EQ,Sunil Hitech Engineers Limited
INE306A01021,BAJAJHIND,EQ,Bajaj Hindusthan Sugar Limited
INE306B01029,ICSA,BE,ICSA (India) Limited
INE306C01019,ENERGYDEV,EQ,Energy Development Company Limited
INE306L01010,QUICKHEAL,EQ,Quick Heal Technologies Limited
INE306R01017,INTELLECT,EQ,Intellect Design Arena Limited
INE308A01027,NAHARPOLY,EQ,Nahar Poly Films Limited
INE308H01022,PRATIBHA,BE,Pratibha Industries Limited
INE309M01012,PREMIERPOL,EQ,Premier Polyfilm Limited
INE310A01015,NILKAMAL,EQ,Nilkamal Limited
INE310C01029,HINDCOMPOS,EQ,Hindustan Composites Limited
INE311H01018,ELAND,BE,E-Land Apparel Limited
INE312H01016,INOXLEISUR,EQ,INOX Leisure Limited
INE313D01013,MOHOTAIND,EQ,Mohota Industries Limited
INE314C01013,SOMATEX,BE,Soma Textiles & Industries Limited
INE314G01014,KALYANIFRG,BE,Kalyani Forge Limited
INE314T01025,GOKULAGRO,BE,Gokul Agro Resources Limited
INE316L01019,BHARATWIRE,EQ,Bharat Wire Ropes Limited
INE317F01035,NESCO,EQ,Nesco Limited
INE318A01026,PIDILITIND,EQ,Pidilite Industries Limited
INE318D01020,ZENITHBIR,EQ,Zenith Birla (India) Limited
INE318J01027,NUTEK,EQ,Nu Tek India Limited
INE319B01014,BYKE,EQ,The Byke Hospitality Ltd
INE320B01020,CENTUM,EQ,Centum Electronics Limited
INE320L01011,DHUNINV,EQ,Dhunseri Investments Limited
INE320X01016,SMSLIFE,EQ,SMS Lifesciences India Limited
INE321D01016,OCCL,EQ,Oriental Carbon & Chemicals Limited
INE322A01010,GILLETTE,EQ,Gillette India Limited
INE323A01026,BOSCHLTD,EQ,Bosch Limited
INE323C01030,INDIANHUME,EQ,Indian Hume Pipe Company Limited
INE323I01011,PURVA,EQ,Puravankara Limited
INE323J01019,SOMICONVEY,EQ,Somi Conveyor Beltings Limited
INE324A01024,JINDALSAW,EQ,Jindal Saw Limited
INE324C01038,STERLINBIO,EQ,Sterling Biotech Limited
INE324L01013,RPPINFRA,EQ,R.P.P. Infra Projects Limited
INE325A01013,TIMKEN,EQ,Timken India Limited
INE325C01035,DOLLAR,EQ,Dollar Industries Limited
INE326A01037,LUPIN,EQ,Lupin Limited
INE326B01027,ALMONDZ,BE,Almondz Global Securities Limited
INE326T01011,NIRAJISPAT,BE,Niraj Ispat Industries Limited
INE330H01018,RCOM,EQ,Reliance Communications Limited
INE331A01037,RAMCOCEM,EQ,The Ramco Cements Limited
INE332A01027,THOMASCOOK,EQ,Thomas Cook  (India)  Limited
INE332G01032,POCHIRAJU,BE,Pochiraju Industries Limited
INE332H01014,INDOTECH,EQ,Indo Tech Transformers Limited
INE333I01036,NTL,BE,Neueon Towers Limited
INE334A01023,STERTOOLS,EQ,Sterling Tools Limited
INE334L01012,UJJIVAN,EQ,Ujjivan Financial Services Limited
INE334L01012,UJJIVAN,IL,Ujjivan Financial Services Limited
INE335A01012,SURYAROSNI,EQ,Surya Roshni Limited
INE335K01011,COFFEEDAY,EQ,Coffee Day Enterprises Limited
INE335W01016,GANGESSECU,BE,Ganges Securities Limited
INE336H01023,GAYAPROJ,EQ,Gayatri Projects Limited
INE337A01034,LGBBROSLTD,EQ,LG Balakrishnan & Bros Limited
INE337M01013,INDOTHAI,EQ,Indo Thai Securities Limited
INE338A01016,TIRUMALCHM,EQ,Thirumalai Chemicals Limited
INE338D01028,BODALCHEM,EQ,Bodal Chemicals Limited
INE338I01027,MOTILALOFS,EQ,Motilal Oswal Financial Services Limited
INE340A01012,BIRLACORPN,EQ,Birla Corporation Limited
INE341R01014,DTIL,BE,Dhunseri Tea & Industries Limited
INE342A01018,PREMIER,EQ,Premier Limited
INE342J01019,WABCOINDIA,EQ,WABCO India Limited
INE343B01030,RAJESHEXPO,EQ,Rajesh Exports Limited
INE343D01010,JAIHINDPRO,EQ,Jaihind Projects Limited
INE343H01029,SOLARINDS,EQ,Solar Industries India Limited
INE344201012,TATACHEM,IL,Tata Chemicals Limited
INE345A01011,HINDOILEXP,EQ,Hindustan Oil Exploration Company Limited
INE345B01019,CEREBRAINT,EQ,Cerebra Integrated Technologies Limited
INE346H01014,GITANJALI,EQ,Gitanjali Gems Limited
INE346W01013,APEX,EQ,Apex Frozen Foods Limited
INE347A01017,MANGLMCEM,EQ,Mangalam Cement Limited
INE347G01014,PETRONET,EQ,Petronet LNG Limited
INE347W01011,MAGADSUGAR,EQ,Magadh Sugar & Energy Limited
INE348A01023,ASHAPURMIN,EQ,Ashapura Minechem Limited
INE348B01021,CENTURYPLY,EQ,Century Plyboards (India) Limited
INE348L01012,MASFIN,EQ,MAS Financial Services Limited
INE349A01021,NRBBEARING,EQ,NRB Bearing Limited
INE349W01017,AVADHSUGAR,EQ,Avadh Sugar & Energy Limited
INE350C01017,OPTIEMUS,BE,Optiemus Infracom Limited
INE350H01032,BLKASHYAP,EQ,B. L. Kashyap and Sons Limited
INE351A01035,UNICHEMLAB,EQ,Unichem Laboratories Limited
INE351F01018,JPPOWER,EQ,Jaiprakash Power Ventures Limited
INE352A01017,VALUEIND,BE,Value Industries Limited
INE353A01023,HINDUJAVEN,EQ,Hinduja Ventures Limited
INE353H01010,SGL,EQ,STL Global Limited
INE353K01014,ITDC,EQ,India Tourism Development Corporation Limited
INE354C01027,BHAGERIA,EQ,Bhageria Industries Limited
INE355A01028,SOMANYCERA,EQ,Somany Ceramics Limited
INE356A01018,MPHASIS,EQ,MphasiS Limited
INE357D01010,SURANACORP,BE,Surana Corporation Limited
INE358A01014,ABBOTINDIA,EQ,Abbott India Limited
INE360C01024,DPSCLTD,EQ,DPSC Limited
INE360L01017,FMNL,EQ,Future Market Networks Limited
INE361B01024,DIVISLAB,EQ,Divi's Laboratories Limited
INE361M01021,HIGHGROUND,EQ,High Ground Enterprise Limited
INE362A01016,PVP,EQ,PVP Ventures Limited
INE363A01022,ASIANHOTNR,EQ,Asian Hotels (North) Limited
INE363M01019,SHEMAROO,EQ,Shemaroo Entertainment Limited
INE363W01018,BHAGYAPROP,EQ,Bhagyanagar Properties Limited
INE364A01020,JAYSREETEA,BE,Jayshree Tea & Industries Limited
INE365B01017,DATAMATICS,EQ,Datamatics Global Services Limited
INE365D01021,ASHIANA,EQ,Ashiana Housing Limited
INE365I01020,NBIFIN,EQ,N. B. I. Industrial Finance Company Limited
INE366A01041,DWARKESH,EQ,Dwarikesh Sugar Industries Limited
INE366I01010,VRLLOG,EQ,VRL Logistics Limited
INE367G01038,PFOCUS,EQ,Prime Focus Limited
INE369A01029,EXCELINDUS,EQ,Excel Industries Limited
INE369C01017,NORBTEAEXP,EQ,Norben Tea & Exports Limited
INE369I01014,IL&FSENGG,BE,IL&FS Engineering and Construction Company Limited
INE370E01029,VIVIDHA,EQ,Visagar Polytex Limited
INE371A01025,GRAPHITE,EQ,Graphite India Limited
INE371C01013,PODDARMENT,EQ,Poddar Pigments Limited
INE372A01015,APARINDS,EQ,Apar Industries Limited
INE372C01029,PRECWIRE,EQ,Precision Wires India Limited
INE373A01013,BASF,EQ,BASF India Limited
INE374B01019,MUKTAARTS,EQ,Mukta Arts Limited
INE376C01020,SPENTEX,BE,Spentex Industries Limited
INE376G01013,BIOCON,EQ,Biocon Limited
INE378D01032,MADHUCON,EQ,Madhucon Projects Limited
INE381A01016,SAMTEL,BE,Samtel Color Limited
INE383A01012,INDIACEM,EQ,The India Cements Limited
INE383H01017,MALUPAPER,EQ,Malu Paper Mills Limited
INE384A01010,RANEHOLDIN,EQ,Rane Holdings Limited
INE385C01013,SARDAEN,EQ,Sarda Energy & Minerals Limited
INE385I01010,ALPA,EQ,Alpa Laboratories Limited
INE385W01011,DCAL,EQ,Dishman Carbogen Amcis Limited
INE386A01015,VESUVIUS,EQ,Vesuvius India Limited
INE386C01029,ASTRAMICRO,EQ,Astra Microwave Products Limited
INE387A01021,SUNDRMFAST,EQ,Sundram Fasteners Limited
INE387I01016,MAGNUM,EQ,Magnum Ventures Limited
INE388G01018,TANTIACONS,BE,Tantia Constructions Limited
INE389H01022,KEC,EQ,KEC International Limited
INE389K01018,WELINV,BE,Welspun Investments and Commercials Limited
INE390G01014,GPTINFRA,EQ,GPT Infraprojects Limited
INE390H01012,KAMDHENU,BE,Kamdhenu Limited
INE391D01019,TRF,BE,TRF Limited
INE392A01013,VISAKAIND,EQ,Visaka Industries Limited
INE392B01011,PNC,BE,Pritish Nandy Communications Limited
INE393A01011,DELTAMAGNT,BE,Delta Magnets Limited
INE393P01035,DIAMONDYD,EQ,Prataap Snacks Limited
INE395A01016,BSELINFRA,BE,BSEL Infrastructure Realty Limited
INE397D01024,BHARTIARTL,EQ,Bharti Airtel Limited
INE397H01017,LOKESHMACH,EQ,Lokesh Machines Limited
INE398A01010,VENKEYS,EQ,Venky's (India) Limited
INE398B01018,MRO-TEK,BE,MRO-TEK Realty Limited
INE398R01022,SYNGENE,EQ,Syngene International Limited
INE399C01030,SUPRAJIT,EQ,Suprajit Engineering Limited
INE399G01015,RKFORGE,EQ,Ramkrishna Forgings Limited
INE399K01017,RTNPOWER,EQ,RattanIndia Power Limited
INE400H01019,ADHUNIK,BE,Adhunik Metaliks Limited
INE401H01017,KKCL,EQ,Kewal Kiran Clothing Limited
INE405C01035,LINCOLN,EQ,Lincoln Pharmaceuticals Limited
INE405E01023,MINDAIND,EQ,Minda Industries Limited
INE406A01037,AUROPHARMA,EQ,Aurobindo Pharma Limited
INE406M01024,ERIS,EQ,Eris Lifesciences Limited
INE409A01015,THIRUSUGAR,EQ,Thiru Arooran Sugars Limited
INE409B01013,SWELECTES,EQ,Swelect Energy Systems Limited
INE410B01029,VINATIORGA,EQ,Vinati Organics Limited
INE410D01017,RAMGOPOLY,BE,Ramgopal Polytex Limited
INE410P01011,NH,EQ,Narayana Hrudayalaya Ltd.
INE411B01019,VENUSREM,EQ,Venus Remedies Limited
INE411D01015,SKMEGGPROD,EQ,SKM Egg Products Export (India) Limited
INE411H01032,RSYSTEMS,EQ,R Systems International Limited
INE412C01015,JMA,EQ,Jullundur Motor Agency (Delhi) Limited
INE412U01017,BIGBLOC,EQ,Bigbloc Construction Limited
INE413B01023,RUCHINFRA,BE,Ruchi Infrastructure Limited
INE413D01011,ARIHANT,BE,Arihant Foundations & Housing Limited
INE413G01014,TPLPLASTEH,EQ,TPL Plastech Limited
INE414A01015,MADRASFERT,EQ,Madras Fertilizers Limited
INE414B01021,ANTGRAPHIC,BE,Antarctica Limited
INE414G01012,MUTHOOTFIN,EQ,Muthoot Finance Limited
INE415A01038,HSIL,EQ,HSIL Limited
INE415I01015,KIRIINDUS,EQ,Kiri Industries Limited
INE416A01036,SABTN,BE,Sri Adhikari Brothers Television Network Limited
INE416D01022,BLISSGVS,EQ,Bliss GVS Pharma Limited
INE416L01017,EROSMEDIA,EQ,Eros International Media Limited
INE417B01040,DSSL,EQ,Dynacons Systems & Solutions Limited
INE417C01014,PILANIINVS,BE,Pilani Investment and Industries Corporation Limited
INE418H01029,ALLCARGO,EQ,Allcargo Logistics Limited
INE418N01027,INTEGRA,BE,Integra Garments and Textiles Limited
INE419A01022,KOTARISUG,EQ,Kothari Sugars And Chemicals Limited
INE419M01019,TDPOWERSYS,EQ,TD Power Systems Limited
INE420C01042,SEINV,EQ,S.E. Investments Limited
INE421A01028,ABAN,EQ,Aban Offshore Limited
INE421C01016,TVSSRICHAK,EQ,TVS Srichakra Limited
INE421D01022,CCL,EQ,CCL Products (India) Limited
INE422C01014,TINPLATE,EQ,The Tinplate Company of India Limited
INE423A01024,ADANIENT,EQ,Adani Enterprises Limited
INE424C01010,GINNIFILA,EQ,Ginni Filaments Limited
INE424H01027,SUNTV,EQ,Sun TV Network Limited
INE425A01011,METALFORGE,BE,Metalyst Forgings Limited
INE425B01027,LYCOS,BE,Lycos Internet Limited
INE426A01027,ALEMBICLTD,EQ,Alembic Limited
INE426D01013,GOACARBON,EQ,Goa Carbon Limited
INE428A01015,ALBK,EQ,Allahabad Bank
INE428O01016,AIFL,EQ,Ashapura Intimates Fashion Limited
INE429C01035,SINTEX,EQ,Sintex Industries Limited
INE429F01012,SKIL,BE,SKIL Infrastructure Limited
INE429I01024,CCCL,BE,Consolidated Construction Consortium Limited
INE430G01026,JVLAGRO,EQ,JVL Agro Industries Limited
INE431F01018,PKTEA,EQ,The Peria Karamalai Tea & Produce Company Limited
INE431L01016,SERVALL,BZ,Servalakshmi Paper Limited
INE434A01013,ANDHRABANK,EQ,Andhra Bank
INE435A01028,IPAPPM,EQ,International Paper APPM Limited
INE435C01024,TEXINFRA,EQ,Texmaco Infrastructure & Holdings Limited
INE435G01025,DHANUKA,EQ,Dhanuka Agritech Limited
INE436A01026,ANSALAPI,EQ,Ansal Properties & Infrastructure Limited
INE437A01024,APOLLOHOSP,EQ,Apollo Hospitals Enterprise Limited
INE437B01014,KAKATCEM,EQ,Kakatiya Cement Sugar & Industries Limited
INE438A01022,APOLLOTYRE,EQ,Apollo Tyres Limited
INE439A01020,ASAHIINDIA,EQ,Asahi India Glass Limited
INE439E01022,SKIPPER,EQ,Skipper Limited
INE439L01019,DALMIABHA,EQ,Dalmia Bharat Limited
INE440A01010,ASHIMASYN,EQ,Ashima Limited
INE440L01017,TIJARIA,BE,Tijaria Polypipes Limited
INE442A01024,ASSAMCO,BE,Assam Company India Limited
INE442H01029,ASHOKA,EQ,Ashoka Buildcon Limited
INE445C01015,XPROINDIA,BE,Xpro India Limited
INE446A01025,ATLASCYCLE,BE,Atlas Cycles (Haryana) Limited
INE446C01013,GLOBOFFS,BE,Global Offshore Services Limited
INE448A01013,AUTOLITIND,EQ,Autolite (India) Limited
INE448G01010,NATHBIOGEN,EQ,Nath Bio-Genes (India) Limited
INE449A01011,AUTOAXLES,EQ,Automotive Axles Limited
INE449G01018,AGRITECH,EQ,Agri-Tech (India) Limited
INE450D01021,PITTILAM,EQ,Pitti Laminations Limited
INE450G01024,VIPCLOTHNG,EQ,VIP Clothing Limited
INE451F01016,APOLSINHOT,EQ,Apollo Sindoori Hotels Limited
INE451L01014,MAHASTEEL,EQ,Mahamaya Steel Industries Limited
INE452L01012,ADHUNIKIND,BE,Adhunik Industries Limited
INE452O01016,FLFL,EQ,Future Lifestyle Fashions Limited
INE453B01029,COMPUSOFT,BE,Compucom Software Limited
INE453D01025,SARLAPOLY,EQ,Sarla Performance Fibers Limited
INE453M01018,NAGAROIL,EQ,Nagarjuna Oil Refinery Limited
INE454M01024,NAGAFERT,EQ,Nagarjuna Fertilizers and Chemicals Limited
INE455F01025,JPASSOCIAT,EQ,Jaiprakash Associates Limited
INE455I01029,KSCL,EQ,Kaveri Seed Company Limited
INE455O01019,PENPEBS,EQ,Pennar Engineered Building Systems Limited
INE455T01018,JSLHISAR,EQ,Jindal Stainless (Hisar) Limited
INE456C01012,DFMFOODS,EQ,DFM Foods Limited
INE457A01014,MAHABANK,EQ,Bank of Maharashtra
INE457F01013,SALZERELEC,EQ,Salzer Electronics Limited
INE457L01011,PGEL,EQ,PG Electroplast Limited
INE458B01036,BHAGYANGR,EQ,Bhagyanagar India Limited
INE458F01011,UNITEDTEA,BE,The United Nilgiri Tea Estates Company Limited
INE459A01010,BANARISUG,EQ,Bannari Amman Sugars Limited
INE460C01014,GANESHHOUC,EQ,Ganesh Housing Corporation Limited
INE460H01021,STARCEMENT,EQ,Star Cement Limited
INE461B01014,REPRO,EQ,Repro India Limited
INE461C01038,GREENPLY,EQ,Greenply Industries Limited
INE462A01022,BAYERCROP,EQ,Bayer Cropscience Limited
INE463A01038,BERGEPAINT,EQ,Berger Paints (I) Limited
INE464A01028,BBL,EQ,Bharat Bijlee Limited
INE465A01025,BHARATFORG,EQ,Bharat Forge Limited
INE466H01028,UNITY,BE,Unity Infraprojects Limited
INE467B01029,TCS,EQ,Tata Consultancy Services Limited
INE470A01017,3MINDIA,EQ,3M India Limited
INE470Y01017,NIACL,EQ,The New India Assurance Company Limited
INE471W01019,PALASHSECU,BE,Palash Securities Limited
INE472A01039,BLUESTARCO,EQ,Blue Star Limited
INE472B01011,BLUECOAST,EQ,Blue Coast Hotels Limited
INE472M01018,MTEDUCARE,BE,MT Educare Limited
INE473A01011,LINDEINDIA,EQ,Linde India Limited
INE473B01035,HATSUN,EQ,Hatsun Agro Product Limited
INE473D01015,KINGFA,EQ,Kingfa Science & Technology (India) Limited
INE474B01017,PSL,BE,PSL Limited
INE474C01015,REMSONSIND,BE,Remsons Industries Limited
INE474E01029,BHANDARI,BE,Bhandari Hosiery Exports Limited
INE474I01012,TULSI,EQ,Tulsi Extrusions Limited
INE474L01016,OMKARCHEM,EQ,Omkar Speciality Chemicals Limited
INE475B01022,HIKAL,EQ,Hikal Limited
INE475E01026,CAPLIPOINT,EQ,Caplin Point Laboratories Limited
INE476A01014,CANBK,EQ,Canara Bank
INE477A01020,CANFINHOME,EQ,Can Fin Homes Limited
INE477B01010,DPL,EQ,Dhunseri Petrochem Limited
INE480C01012,SDBL,EQ,Som Distilleries & Breweries Limited
INE480M01011,THOMASCOTT,BE,Thomas Scott (India) Limited
INE481G01011,ULTRACEMCO,EQ,UltraTech Cement Limited
INE481K01013,ESL,BE,Electrosteel Steels Limited
INE481Y01014,GICRE,EQ,General Insurance Corporation of India
INE482A01020,CEATLTD,EQ,CEAT Limited
INE482B01010,TERASOFT,EQ,Tera Software Limited
INE482J01021,GAL,BE,Gyscoal Alloys Limited
INE483A01010,CENTRALBK,EQ,Central Bank of India
INE483B01026,ICIL,EQ,Indo Count Industries Limited
INE483C01032,TANLA,EQ,Tanla Solutions Limited
INE483S01020,INFIBEAM,EQ,Infibeam Incorporation Limited
INE484C01022,TIDEWATER,EQ,Tide Water Oil Company (India) Limited
INE484I01029,PRECAM,EQ,Precision Camshafts Limited
INE484J01027,GODREJPROP,EQ,Godrej Properties Limited
INE485A01015,CENTENKA,EQ,Century Enka Limited
INE485C01011,IOLCP,BE,IOL Chemicals and Pharmaceuticals Limited
INE486A01013,CESC,EQ,CESC Limited
INE486B01011,JAINSTUDIO,BE,Jain Studios Limited
INE486J01014,INFINITE,EQ,Infinite Computer Solutions (India) Limited
INE488B01017,TASTYBITE,EQ,Tasty Bite Eatables Limited
INE488D01021,AVTNPL,EQ,AVT Natural Products Limited
INE488V01015,PSPPROJECT,EQ,PSP Projects Limited
INE489H01020,NITINFIRE,EQ,Nitin Fire Protection Industries Limited
INE490G01020,MOIL,EQ,MOIL Limited
INE491A01021,CUB,EQ,City Union Bank Limited
INE492A01029,CLNINDIA,EQ,Clariant Chemicals (India) Limited
INE493A01027,TATACOFFEE,EQ,Tata Coffee Limited
INE494B01023,TVSMOTOR,EQ,TVS Motor Company Limited
INE495A01022,DALMIASUG,EQ,Dalmia Bharat Sugar and Industries Limited
INE495B01038,SUVEN,EQ,Suven Life Sciences Limited
INE495C01010,SANGAMIND,EQ,Sangam (India) Limited
INE495J01015,PRADIP,BE,Pradip Overseas Limited
INE495S01016,HPL,EQ,HPL Electric & Power Limited
INE497B01018,SEAMECLTD,BE,Seamec Limited
INE497D01014,DAMODARIND,EQ,Damodar Industries Limited
INE498A01018,DCM,EQ,DCM  Limited
INE498B01024,SHOPERSTOP,EQ,Shoppers Stop Limited
INE498E01010,SALONA,BE,Salona Cotspin Limited
INE498L01015,L&TFH,EQ,L&T Finance Holdings Limited
INE499A01024,DCMSHRIRAM,EQ,DCM Shriram Limited
INE500A01029,DCW,BE,DCW Limited
INE500L01026,SHK,EQ,S H Kelkar and Company Limited
INE501A01019,DEEPAKFERT,EQ,Deepak Fertilizers and Petrochemicals Corporation Limited
INE501G01024,HTMEDIA,EQ,HT Media Limited
INE501W01021,SPTL,EQ,Sintex Plastics Technology Limited
INE502K01016,TALWALKARS,EQ,Talwalkars Better Value Fitness Limited
INE503A01015,DCBBANK,EQ,DCB Bank Limited
INE503B01013,STEELXIND,EQ,STEEL EXCHANGE INDIA LIMITED
INE505C01016,PRAENG,EQ,Prajay Engineers Syndicate Limited
INE506A01018,DREDGECORP,EQ,Dredging Corporation of India Limited
INE508G01029,TIMETECHNO,EQ,Time Technoplast Limited
INE509F01011,CUPID,EQ,Cupid Limited
INE509K01011,TECHNOFAB,BE,Technofab Engineering Limited
INE510A01028,ENGINERSIN,EQ,Engineers India Limited
INE510K01019,SHILPI,BZ,Shilpi Cable Technologies Limited
INE511C01022,MAGMA,EQ,Magma Fincorp Limited
INE513A01014,SCHAEFFLER,EQ,Schaeffler India Limited
INE516A01017,UFLEX,EQ,UFLEX Limited
INE516K01024,GOENKA,BZ,Goenka Diamond and Jewels Limited
INE517B01013,TTML,BE,Tata Teleservices (Maharashtra) Limited
INE517F01014,GPPL,EQ,Gujarat Pipavav Port Limited
INE517U01013,AGLSL,EQ,Artemis Global Life Sciences Limited
INE519A01011,FOSECOIND,EQ,Foseco India Limited
INE519C01017,SUMMITSEC,EQ,Summit Securities Limited
INE520A01019,ZENSARTECH,EQ,Zensar Technologies Limited
INE520H01022,BEARDSELL,EQ,Beardsell Limited
INE521J01018,CAREERP,EQ,Career Point Limited
INE522D01027,MANAPPURAM,EQ,Manappuram Finance Limited
INE522F01014,COALINDIA,EQ,Coal India Limited
INE523B01011,AKSHOPTFBR,BE,Aksh Optifibre Limited
INE524A01029,GABRIEL,EQ,Gabriel India Limited
INE524B01027,GANDHITUBE,EQ,Gandhi Special Tubes Limited
INE524L01026,KRIDHANINF,EQ,Kridhan Infra Limited
INE526A01016,GARDENSILK,EQ,Garden Silk Mills Limited
INE526B01014,CALSOFT,BE,California Software Company Limited
INE526B01014,CALSOFT,BZ,California Software Company Limited
INE526E01018,SHRIPISTON,BE,Shriram Pistons & Rings Limited
INE526G01021,VIVIMEDLAB,EQ,Vivimed Labs Limited
INE527H01019,UFO,EQ,UFO Moviez India Limited
INE528A01020,GKWLIMITED,EQ,GKW Limited
INE528G01027,YESBANK,EQ,Yes Bank Limited
INE528K01011,GALLISPAT,EQ,Gallantt Ispat Limited
INE529A01010,FMGOETZE,EQ,Federal-Mogul Goetze (India) Limited.
INE529D01014,PATINTLOG,EQ,Patel Integrated Logistics Limited
INE529F01027,SIGNET,BE,Signet Industries Limited
INE530B01024,IIFL,EQ,IIFL Holdings Limited
INE531A01024,KANSAINER,EQ,Kansai Nerolac Paints Limited
INE531E01026,HINDCOPPER,EQ,Hindustan Copper Limited
INE532F01054,EDELWEISS,EQ,Edelweiss Financial Services Limited
INE533D01024,RAJRAYON,BE,Raj Rayon Industries Limited
INE536A01023,GRINDWELL,EQ,Grindwell Norton Limited
INE536H01010,MAHINDCIE,EQ,Mahindra CIE Automotive Limited
INE537A01013,GTNIND,EQ,GTN Industries Limited
INE538A01037,GUJFLUORO,EQ,Gujarat Fluorochemicals Limited
INE539A01019,GHCL,EQ,GHCL Limited
INE540G01014,AMBIKCO,EQ,Ambika Cotton Mills Limited
INE540H01012,VOLTAMP,EQ,Voltamp Transformers Limited
INE540H01012,VOLTAMP,IL,Voltamp Transformers Limited
INE540L01014,ALKEM,EQ,Alkem Laboratories Limited
INE542A01039,GSCLCEMENT,EQ,Gujarat Sidhee Cement Limited
INE542B01011,AKSHARCHEM,EQ,AksharChem India Limited
INE542C01019,NKIND,BE,NK Industries Limited
INE542F01012,RNAVAL,EQ,Reliance Naval and Engineering Limited
INE544A01019,HARRMALAYA,BE,Harrisons  Malayalam Limited
INE544H01014,JHS,EQ,JHS Svendgaard Laboratories Limited
INE544R01013,GREENLAM,EQ,Greenlam Industries Limited
INE545A01016,HEG,EQ,HEG Limited
INE545H01011,TIIL,EQ,Technocraft Industries (India) Limited
INE547E01014,IMPAL,EQ,India Motor Parts and Accessories Limited
INE548A01028,HFCL,EQ,Himachal Futuristic Communications Limited
INE548C01032,EMAMILTD,EQ,Emami Limited
INE549A01026,HCC,EQ,Hindustan Construction Company Limited
INE550B01014,HBSTOCK,EQ,HB Stockholdings Limited
INE550C01020,URJA,BE,Urja Global Limited
INE550H01011,SUPREMEINF,EQ,Supreme Infrastructure India Limited
INE551A01022,HINDDORROL,BE,Hindustan Dorr-Oliver Limited
INE553C01016,NECCLTD,EQ,North Eastern Carrying Corporation Limited
INE555B01013,AXISCADES,EQ,AXISCADES Engineering Technologies Limited
INE557A01011,HIL,EQ,HIL Limited
INE557B01019,LIBERTSHOE,EQ,Liberty Shoes Limited
INE558B01017,MANGCHEFER,EQ,Mangalore Chemicals & Fertilizers Limited
INE558D01021,CORALFINAC,EQ,Coral India Finance & Housing Limited
INE559A01017,IFBIND,EQ,IFB Industries Limited
INE559B01023,NAKODA,BE,Nakoda Limited
INE559D01011,CREST,EQ,Crest Ventures Limited
INE560A01015,INDIAGLYCO,EQ,India Glycols Limited
INE560K01014,PFS,EQ,PTC India Financial Services Limited
INE561C01019,BHARATGEAR,EQ,Bharat Gears Limited
INE561H01026,PARSVNATH,EQ,Parsvnath Developers Limited
INE562A01011,INDIANB,EQ,Indian Bank
INE562B01019,RAJSREESUG,EQ,Rajshree Sugars & Chemicals Limited
INE563J01010,ASTEC,EQ,Astec LifeSciences Limited
INE565A01014,IOB,EQ,Indian Overseas Bank
INE565L01011,ZEELEARN,EQ,Zee Learn Limited
INE566K01011,ISFT,EQ,Intrasoft Technologies Limited
INE567A01010,NIPPOBATRY,EQ,Indo-National Limited
INE569C01020,ORIENTABRA,EQ,Orient Abrasives Limited
INE570D01018,ARROWGREEN,EQ,Arrow Greentech Limited
INE571A01020,IPCALAB,EQ,IPCA Laboratories Limited
INE571B01028,JAYBARMARU,EQ,Jay Bharat Maruti Limited
INE572A01028,JBCHEPHARM,EQ,JB Chemicals & Pharmaceuticals Limited
INE572E01012,PNBHOUSING,EQ,PNB Housing Finance Limited
INE573A01042,JKTYRE,EQ,JK Tyre & Industries Limited
INE573K01017,RUSHIL,EQ,Rushil Decor Limited
INE574I01035,ARCOTECH,EQ,Arcotech Limited
INE576I01022,JKIL,EQ,J.Kumar Infraprojects Limited
INE577A01027,MUNJALSHOW,EQ,Munjal Showa Limited
INE577L01016,STEL,EQ,Stel Holdings Limited
INE578A01017,HEIDELBERG,EQ,HeidelbergCement India Limited
INE579C01029,VIMTALABS,EQ,Vimta Labs Limited
INE580B01029,GRUH,EQ,Gruh Finance Limited
INE583B01015,SANDESH,EQ,The Sandesh Limited
INE583C01021,DECCANCE,EQ,Deccan Cements Limited
INE584A01023,NMDC,EQ,NMDC Limited
INE584F01014,MANGALAM,EQ,Mangalam Drugs And Organics Limited
INE585B01010,MARUTI,EQ,Maruti Suzuki India Limited
INE586B01026,TAJGVK,EQ,Taj GVK Hotels & Resorts Limited
INE586G01017,GULFPETRO,EQ,GP Petroleums Limited
INE586V01016,TCIEXP,EQ,TCI Express Limited
INE587G01015,KAYA,EQ,Kaya Limited
INE588B01014,ECEIND,EQ,ECE Industries Limited
INE589A01014,NLCINDIA,EQ,NLC India Limited
INE589G01011,BRFL,EQ,Bombay Rayon Fashions Limited
INE590L01019,VASWANI,EQ,Vaswani Industries Limited
INE591A01010,OILCOUNTUB,EQ,Oil Country Tubular Limited
INE591G01017,NIITTECH,EQ,NIIT Technologies Limited
INE592A01026,ORIENTPPR,EQ,Orient Paper & Industries Limited
INE592B01016,TTL,EQ,T T Limited
INE592I01029,METKORE,EQ,Metkore Alloys & Industries Limited
INE594B01012,BSL,EQ,BSL Limited
INE594H01019,THYROCARE,EQ,Thyrocare Technologies Limited
INE596H01014,HOVS,BE,HOV Services Limited
INE597I01010,SHARDAMOTR,EQ,Sharda Motor Industries Limited
INE597J01018,SHALBY,EQ,Shalby Limited
INE597L01014,LOVABLE,EQ,Lovable Lingerie Limited
INE598C01011,HISARMETAL,BE,Hisar Metal Industries Limited
INE599M01018,JUSTDIAL,EQ,Just Dial Limited
INE600A01035,PILITA,BE,PIL ITALICA LIFESTYLE LIMITED
INE600L01024,LALPATHLAB,EQ,Dr. Lal Path Labs Ltd.
INE602A01015,PHILIPCARB,EQ,Phillips Carbon Black Limited
INE602G01020,KITEX,EQ,Kitex Garments Limited
INE602K01014,SYNCOM,EQ,Syncom Healthcare Limited
INE603A01013,PRAKASH,EQ,Prakash Industries Limited
INE603J01030,PIIND,EQ,PI Industries Limited
INE606A01024,AMJLAND,EQ,Amj Land Holdings Limited
INE607D01018,ORIENTBELL,EQ,Orient Bell Limited
INE607L01029,BILENERGY,BE,Bil Energy Systems Limited
INE608A01012,PSB,EQ,Punjab & Sind Bank
INE609C01024,ORIENTLTD,BE,Orient Press Limited
INE610B01024,GUJRAFFIA,BE,Gujarat Raffia Industries Limited
INE610C01014,ARENTERP,EQ,Rajdarshan Industries Limited
INE610E01010,KALYANI,BE,Kalyani Commercials Limited
INE611A01016,RSWM,EQ,RSWM Limited
INE611L01021,INDTERRAIN,EQ,Indian Terrain Fashions Limited
INE612J01015,REPCOHOME,EQ,Repco Home Finance Limited
INE613A01020,RALLIS,EQ,Rallis India Limited
INE614A01028,RAMCOIND,EQ,Ramco Industries Limited
INE614B01018,KTKBANK,EQ,The Karnataka Bank Limited
INE614G01033,RPOWER,EQ,Reliance Power Limited
INE615H01020,TWL,EQ,Titagarh Wagons Limited
INE615I01010,GLOBUSSPR,BE,Globus Spirits Limited
INE615P01015,QUESS,EQ,Quess Corp Limited
INE617A01013,REVATHI,EQ,Revathi Equipment Limited
INE618H01016,PARABDRUGS,BE,Parabolic Drugs Limited
INE618L01018,5PAISA,EQ,5Paisa Capital Limited
INE618N01014,BALAXI,BE,Balaxi Ventures Limited
INE619A01027,RUCHISOYA,EQ,Ruchi Soya Industries Limited
INE619I01012,A2ZINFRA,EQ,A2Z Infra Engineering Limited
INE621H01010,RELIGARE,EQ,Religare Enterprises Limited
INE621L01012,TEXRAIL,EQ,Texmaco Rail & Engineering Limited
INE623A01011,SAKHTISUG,EQ,Sakthi Sugars Limited
INE623B01027,FEL,EQ,Future Enterprises Limited
INE625B01014,RANASUG,EQ,Rana Sugars Limited
INE625G01013,WELENT,EQ,Welspun Enterprises Limited
INE627H01017,CTE,EQ,Cambridge Technology Enterprises Limited
INE628A01036,UPL,EQ,UPL Limited
INE629D01012,BANSWRAS,EQ,Banswara Syntex Limited
INE630A01016,SESHAPAPER,EQ,Seshasayee Paper and Boards Limited
INE631A01022,SHANTIGEAR,EQ,Shanthi Gears Limited
INE632C01026,VIDHIING,EQ,Vidhi Specialty Food Ingredients Limited
INE633B01018,POLYPLEX,EQ,Polyplex Corporation Limited
INE634A01018,HONDAPOWER,EQ,Honda Siel Power Products Limited
INE634I01029,KNRCON,EQ,KNR Constructions Limited
INE635Q01029,GULFOILLUB,EQ,Gulf Oil Lubricants India Limited
INE636A01039,MAWANASUG,EQ,Mawana Sugars Limited
INE637C01025,POKARNA,EQ,Pokarna Limited
INE637H01024,SHIVAMAUTO,EQ,Shivam Autotech Limited
INE639K01016,NITESHEST,BE,Nitesh Estates Limited
INE640A01023,SKFINDIA,EQ,SKF India Limited
INE640C01011,SHAHALLOYS,EQ,Shah Alloys Limited
INE641C01019,KAVVERITEL,EQ,Kavveri Telecom Products Limited
INE643A01035,SONASTEER,EQ,Sona Koyo Steering Systems Limited
INE643K01018,ARIHANTSUP,EQ,Arihant Superstructures Limited
INE645H01027,SUTLEJTEX,EQ,Sutlej Textiles and Industries Limited
INE645L01011,JUBLINDS,EQ,Jubilant Industries Limited
INE646C01018,GROBTEA,BE,The Grob Tea Company Limited
INE646L01027,INDIGO,EQ,InterGlobe Aviation Limited
INE646X01014,ASTRON,BE,Astron Paper & Board Mill Limited
INE647A01010,SRF,EQ,SRF Limited
INE647O01011,ABFRL,EQ,Aditya Birla Fashion and Retail Limited
INE648H01013,HANUNG,BE,Hanung Toys and Textiles Limited
INE649H01011,EUROCERA,EQ,Euro Ceramics Limited
INE650K01021,8KMILES,EQ,8K Miles Software Services Limited
INE650L01011,BROOKS,EQ,Brooks Laboratories Limited
INE651C01018,LAKPRE,EQ,Lakshmi Precision Screws Limited
INE651G01027,SUPREMETEX,EQ,Supreme Tex Mart Limited
INE652F01027,CCHHL,BE,Country Club Hospitality & Holidays Limited
INE655A01013,STCINDIA,BE,The State Trading Corporation of India Limited
INE655B01011,BANARBEADS,BE,Banaras Beads Limited
INE656K01010,DQE,BE,DQ Entertainment (International) Limited
INE657B01025,BLUECHIP,BE,Blue Chip India Limited
INE658G01014,SALSTEEL,BE,S.A.L. Steel Limited
INE659A01023,SUDARSCHEM,EQ,Sudarshan Chemical Industries Limited
INE659D01019,SURANAIND,EQ,Surana Industries Limited
INE660A01013,SUNDARMFIN,EQ,Sundaram Finance Limited
INE661I01014,BGRENERGY,EQ,BGR Energy Systems Limited
INE662A01027,SUPERSPIN,BE,Super Spinning Mills Limited
INE662C01015,CHROMATIC,BE,Chromatic India Limited
INE662L01016,TCIDEVELOP,BE,TCI Developers Limited
INE663A01017,SUPPETRO,EQ,Supreme Petrochem Limited
INE663B01015,CONTROLPR,EQ,Control Print Limited
INE663F01024,NAUKRI,EQ,Info Edge (India) Limited
INE665A01038,SWANENERGY,EQ,Swan Energy Limited
INE665J01013,VMART,EQ,V-Mart Retail Limited
INE666E01012,ANDHRACEMT,EQ,Andhra Cements Limited
INE667A01018,SYNDIBANK,EQ,Syndicate Bank
INE667G01015,SAKSOFT,EQ,Saksoft Limited
INE668D01028,DONEAR,BE,Donear Industries Limited
INE668F01031,JYOTHYLAB,EQ,Jyothy Laboratories Limited
INE669C01036,TECHM,EQ,Tech Mahindra Limited
INE669E01016,IDEA,EQ,Idea Cellular Limited
INE670A01012,TATAELXSI,EQ,Tata Elxsi Limited
INE670X01014,LASA,BE,Lasa Supergenerics Limited
INE671A01010,HONAUT,EQ,Honeywell Automation India Limited
INE671H01015,SOBHA,EQ,Sobha Limited
INE672A01018,TATAINVEST,EQ,Tata Investment Corporation Limited
INE672B01032,MUNJALAU,EQ,Munjal Auto Industries Limited
INE672K01025,CNOVAPETRO,EQ,CIL Nova Petrochemicals Limited
INE673G01013,BHARATIDIL,BZ,Bharati Defence and Infrastructure Limited
INE674A01014,TATASPONGE,EQ,Tata Sponge Iron Limited
INE674K01013,ABCAPITAL,EQ,Aditya Birla Capital Limited
INE675C01017,CIGNITITEC,BE,Cigniti Technologies Limited
INE675G01018,PINCON,EQ,Pincon Spirit Limited
INE676A01019,AGCNET,BE,AGC Networks Limited
INE677H01012,DEEPIND,EQ,Deep Industries Limited
INE680A01011,DHANBANK,EQ,Dhanlaxmi Bank Limited
INE681B01017,INDRAMEDCO,EQ,Indraprastha Medical Corporation Limited
INE681C01015,KEYCORPSER,EQ,Keynote Corporate Services Limited
INE683A01023,SOUTHBANK,EQ,The South Indian Bank Limited
INE683C01011,MAITHANALL,EQ,Maithan Alloys Limited
INE684F01012,FSL,EQ,Firstsource Solutions Limited
INE685A01028,TORNTPHARM,EQ,Torrent Pharmaceuticals Limited
INE686A01026,ITDCEM,EQ,ITD Cementation India Limited
INE686F01025,UBL,EQ,United Breweries Limited
INE686I01011,SITASHREE,BE,Sita Shree Food Products Limited
INE688A01022,TCI,EQ,Transport Corporation of India Limited
INE688D01026,RESPONIND,EQ,Responsive Industries Limited
INE688E01024,HERCULES,EQ,Hercules Hoists Limited
INE688I01017,CAPF,EQ,Capital First Limited
INE688J01015,EXCEL,BE,Excel Realty N Infra Limited
INE690A01010,TTKPRESTIG,EQ,TTK Prestige Limited
INE691A01018,UCOBANK,EQ,UCO Bank
INE692A01016,UNIONBANK,EQ,Union Bank of India
INE692B01014,MURUDCERA,EQ,Murudeshwar Ceramics Limited
INE692G01013,XCHANGING,EQ,Xchanging Solutions Limited
INE694A01020,UNITECH,EQ,Unitech Limited
INE694C01018,LAKSHVILAS,EQ,Lakshmi Vilas Bank Limited
INE694D01016,VADILALIND,EQ,Vadilal Industries Limited
INE695A01019,UNITEDBNK,EQ,United Bank of India
INE695B01025,COUNCODOS,BE,Country Condo's Limited
INE699A01011,UTTAMSTL,BE,Uttam Galva Steels Limited
INE699B01027,SAMBHAAV,EQ,Sambhaav Media Limited
INE700A01033,JUBILANT,EQ,Jubilant Life Sciences Limited
INE701A01023,VHL,EQ,Vardhman Holdings Limited
INE701B01021,PUNJLLOYD,EQ,Punj Lloyd Limited
INE702C01019,APLAPOLLO,EQ,APL Apollo Tubes Limited
INE703A01011,VIDEOIND,EQ,Videocon Industries Limited
INE703B01027,RATNAMANI,EQ,Ratnamani Metals & Tubes Limited
INE703H01016,HUBTOWN,EQ,Hubtown Limited
INE704H01022,CINELINE,EQ,Cineline India Limited
INE704P01017,COCHINSHIP,EQ,Cochin Shipyard Limited
INE705A01016,VIJAYABANK,EQ,Vijaya Bank
INE705C01020,SHIVATEX,BE,Shiva Texyarn Limited
INE705C01020,SHIVATEX,EQ,Shiva Texyarn Limited
INE707A01012,VINDHYATEL,EQ,Vindhya Telelinks Limited
INE707C01018,CAPTRUST,EQ,Capital Trust Limited
INE709A01018,VLSFINANCE,EQ,VLS Finance Limited
INE710A01016,VSTIND,EQ,VST Industries Limited
INE711A01022,WALCHANNAG,EQ,Walchandnagar Industries Limited
INE712B01010,SUPERHOUSE,EQ,Superhouse Limited
INE712K01011,SHREEPUSHK,EQ,Shree Pushkar Chemicals & Fertilisers Limited
INE713B01026,SURYALAXMI,EQ,Suryalakshmi Cotton Mills Limited
INE715A01015,WHEELS,EQ,Wheels India Limited
INE715B01013,ANDHRSUGAR,EQ,The Andhra Sugars Limited
INE716A01013,WHIRLPOOL,EQ,Whirlpool of India Limited
INE716B01011,TIPSINDLTD,BE,TIPS Industries Limited
INE718H01014,AUTOIND,BE,Autoline Industries Limited
INE719A01017,ZANDUREALT,BE,Zandu Realty Limited
INE720A01015,KOTHARIPET,EQ,Kothari Petrochemicals Limited
INE721A01013,SRTRANSFIN,EQ,Shriram Transport Finance Company Limited
INE722A01011,SHRIRAMCIT,EQ,Shriram City Union Finance Limited
INE722H01016,RJL,EQ,Renaissance Jewellery Limited
INE722J01012,RKDL,BE,Ravi Kumar Distilleries Limited
INE725A01022,NBVENTURES,EQ,Nava Bharat Ventures Limited
INE725E01024,ORISSAMINE,EQ,The Orissa Minerals Development Company Limited
INE725G01011,ICRA,EQ,ICRA Limited
INE725L01011,KARMAENG,BE,Karma Energy Limited
INE726G01019,ICICIPRULI,EQ,ICICI Prudential Life Insurance Company Limited
INE726L01019,WEIZFOREX,EQ,Weizmann Forex Limited
INE726V01018,PRICOLLTD,EQ,Pricol Limited
INE727B01026,GENESYS,EQ,Genesys International Corporation Limited
INE727S01012,BRNL,EQ,Bharat Road Network Limited
INE729D01010,KILITCH,EQ,Kilitch Drugs (India) Limited
INE730A01022,ORICONENT,EQ,Oricon Enterprises Limited
INE731A01020,ARCHIES,EQ,Archies Limited
INE731C01018,KHAITANLTD,EQ,Khaitan (India) Limited
INE731H01025,ACE,EQ,Action Construction Equipment Limited
INE731U01010,DIGJAMLTD,BE,Digjam Limited
INE732A01036,KIRLOSBROS,EQ,Kirloskar Brothers Limited
INE732C01016,NCLIND,EQ,NCL Industries Limited
INE732F01019,ISMTLTD,BE,ISMT Limited
INE733A01018,STARPAPER,EQ,Star Paper Mills Limited
INE733E01010,NTPC,EQ,NTPC Limited
INE734N01019,SNOWMAN,EQ,Snowman Logistics Limited
INE735M01018,SEPOWER,BE,S.E. Power Limited
INE736A01011,CDSL,EQ,Central Depository Services (India) Limited
INE737B01033,SPHEREGSL,EQ,Sphere Global Services Limited
INE737H01014,FIEMIND,EQ,Fiem Industries Limited
INE738I01010,ECLERX,EQ,eClerx Services Limited
INE739A01015,MOSERBAER,BE,Moser-Baer (I) Limited
INE739E01017,CERA,EQ,Cera Sanitaryware Limited
INE740D01017,NRAIL,EQ,N R Agarwal Industries Limited
INE741L01018,DUCON,EQ,Ducon Infratechnologies Limited
INE742A01019,PETRONENGG,EQ,Petron Engineering Construction Limited
INE742B01025,GUFICBIO,EQ,Gufic Biosciences Limited
INE742C01031,JINDRILL,EQ,Jindal Drilling And Industries Limited
INE742F01042,ADANIPORTS,EQ,Adani Ports and Special Economic Zone Limited
INE743C01013,MONNETISPA,EQ,Monnet Ispat and Energy Limited
INE743M01012,ORIENTREF,EQ,Orient Refractories Limited
INE745G01035,MCX,EQ,Multi Commodity Exchange of India Limited
INE747B01016,NEXTMEDIA,BE,Next Mediaworks Limited
INE747K01017,TARAPUR,EQ,Tarapur Transformers Limited
INE748A01016,MBECL,BE,Mcnally Bharat Engineering Company Limited
INE748C01020,3IINFOTECH,EQ,3i Infotech Limited
INE748T01016,SIMBHALS,EQ,Simbhaoli Sugars Limited
INE749A01030,JINDALSTEL,EQ,Jindal Steel & Power Limited
INE749B01012,ORTINLABSS,BE,Ortin Laboratories Limited
INE750A01020,ORIENTHOT,EQ,Oriental Hotels Limited
INE750C01026,MARKSANS,EQ,Marksans Pharma Limited
INE750M01017,HEXATRADEX,BE,Hexa Tradex Limited
INE752E01010,POWERGRID,EQ,Power Grid Corporation of India Limited
INE752G01015,MSPL,BE,MSP Steel & Power Limited
INE752H01013,CARERATING,EQ,CARE Ratings Limited
INE752P01024,FRETAIL,EQ,Future Retail Limited
INE753K01015,EMMBI,EQ,Emmbi Industries Limited
INE754A01014,SUBEX,EQ,Subex Limited
INE756C01015,NDGL,EQ,Naga Dhunseri Group Limited
INE757A01017,COSMOFILMS,EQ,Cosmo Films Limited
INE757B01015,SHREYAS,EQ,Shreyas Shipping & Logistics Limited
INE758C01029,AHLUCONT,EQ,Ahluwalia Contracts (India) Limited
INE759A01021,MASTEK,EQ,Mastek Limited
INE759V01019,TMRVL,EQ,The Mandhana Retail Ventures Limited
INE760A01029,KOKUYOCMLN,EQ,Kokuyo Camlin Limited
INE760L01018,TBZ,EQ,Tribhovandas Bhimji Zaveri Limited
INE761H01022,PAGEIND,EQ,Page Industries Limited
INE763A01023,POLARIS,EQ,POLARIS CONSULTING & SERVICES LIMITED
INE763I01026,TRIL,EQ,Transformers And Rectifiers (India) Limited
INE764D01017,VSTTILLERS,EQ,V.S.T Tillers Tractors Limited
INE764L01010,SADBHIN,EQ,Sadbhav Infrastructure Project Limited
INE765G01017,ICICIGI,EQ,ICICI Lombard General Insurance Company Limited
INE766A01018,PAEL,BE,PAE Limited
INE766P01016,MAHLOG,EQ,Mahindra Logistics Limited
INE767A01016,AARTIDRUGS,EQ,Aarti Drugs Limited
INE768C01010,ZYDUSWELL,EQ,Zydus Wellness Limited
INE768E01024,AICHAMP,BE,AI Champdany Industries Limited
INE769A01020,AARTIIND,EQ,Aarti Industries Limited
INE771A01026,MIRZAINT,EQ,Mirza International Limited
INE773I01017,ALKALI,EQ,Alkali Metals Limited
INE774D01024,M&MFIN,EQ,Mahindra & Mahindra Financial Services Limited
INE775A01035,MOTHERSUMI,EQ,Motherson Sumi Systems Limited
INE775B01025,KWALITY,EQ,kwality limited
INE776C01039,GMRINFRA,EQ,GMR Infrastructure Limited
INE776I01010,MEP,EQ,MEP Infrastructure Developers Limited
INE778A01021,TECHIN,BE,Techindia Nirman Limited
INE778B01029,ESTER,EQ,Ester Industries Limited
INE778K01012,EMAMIINFRA,EQ,Emami Infrastructure Limited
INE780C01023,JMFINANCIL,EQ,JM Financial Limited
INE781A01025,INTENTECH,BE,Intense Technologies Limited
INE781B01015,NOIDATOLL,EQ,Noida Toll Bridge Company Limited
INE782A01015,JCHAC,EQ,Johnson Controls  Hitachi Air Conditioning India Limited
INE782E01017,HESTERBIO,EQ,Hester Biosciences Limited
INE782L01012,SANCO,EQ,Sanco Industries Limited
INE784B01035,WINSOME,EQ,Winsome Yarns Limited
INE785A01026,JAYAGROGN,EQ,Jayant Agro Organics Limited
INE785C01048,LITL,BE,Lanco Infratech Limited
INE785M01013,PCJEWELLER,EQ,PC Jeweller Limited
INE786A01032,JKLAKSHMI,EQ,JK Lakshmi Cement Limited
INE786F01031,UTTAMSUGAR,EQ,Uttam Sugar Mills Limited
INE787D01026,BALKRISIND,EQ,Balkrishna Industries Limited
INE788B01028,INDSWFTLTD,BE,Ind-Swift Limited
INE788H01017,HILTON,EQ,Hilton Metal Forging Limited
INE789E01012,JKPAPER,EQ,JK Paper Limited
INE790B01024,KCPSUGIND,EQ,KCP Sugar and Industries Corporation Limited
INE790C01014,PATSPINLTD,EQ,Patspin India Limited
INE790G01031,SHILPAMED,EQ,Shilpa Medicare Limited
INE791A01024,BLBLIMITED,BE,BLB Limited
INE791I01019,BRIGADE,EQ,Brigade Enterprises Limited
INE792H01019,GLOBALVECT,EQ,Global Vectra Helicorp Limited
INE792I01017,CORDSCABLE,BE,Cords Cable Industries Limited
INE793A01012,ACCELYA,EQ,Accelya Kale Solutions Limited
INE794A01010,NEULANDLAB,EQ,Neuland Laboratories Limited
INE794B01026,BALAJITELE,EQ,Balaji Telefilms Limited
INE795G01014,HDFCLIFE,EQ,HDFC Standard Life Insurance Company Limited
INE796G01012,JINDALPHOT,BE,Jindal Photo Limited
INE797F01012,JUBLFOOD,EQ,Jubilant Foodworks Limited
INE797H01018,TGBHOTELS,EQ,TGB Banquets And Hotels Limited
INE799L01016,TARAJEWELS,EQ,Tara Jewels Limited
INE800A01015,BIRLACABLE,BE,Birla Cable Limited
INE800H01010,OMAXE,EQ,Omaxe Limited
INE802B01019,LINCPEN,EQ,Linc Pen & Plastics Limited
INE802C01017,SSWL,EQ,Steel Strips Wheels Limited
INE802G01018,JETAIRWAYS,EQ,Jet Airways (India) Limited
INE803H01014,RUCHIRA,EQ,Ruchira Papers Limited
INE804H01012,TFL,BE,Transwarranty Finance Limited
INE805A01014,GOLDTECH,BE,Goldstone Technologies Limited
INE805B01012,MANGTIMBER,BE,Mangalam Timber Products Limited
INE805C01028,KCP,EQ,KCP Limited
INE805D01034,SUNTECK,EQ,Sunteck Realty Limited
INE806A01020,VIKASECO,EQ,Vikas EcoTech Limited
INE806C01018,TIL,EQ,TIL Limited
INE806F01011,VIJSHAN,EQ,Vijay Shanthi Builders Limited
INE807F01027,SEQUENT,EQ,Sequent Scientific Limited
INE807K01035,SCHAND,EQ,S Chand And Company Limited
INE808B01016,OPTOCIRCUI,BE,Opto Circuits (India) Limited
INE809I01019,ONMOBILE,EQ,OnMobile Global Limited
INE811K01011,PRESTIGE,EQ,Prestige Estates Projects Limited
INE812G01025,SMSPHARMA,EQ,SMS Pharmaceuticals Limited
INE813A01018,MAHLIFE,EQ,Mahindra Lifespace Developers Limited
INE813H01021,TORNTPOWER,EQ,Torrent Power Limited
INE814H01011,ADANIPOWER,EQ,Adani Power Limited
INE816B01019,FILATEX,EQ,Filatex India Limited
INE817A01019,MELSTAR,BE,Melstar Information Technologies Limited
INE817H01014,BURNPUR,BE,Burnpur Cement Limited
INE818A01017,SELAN,BE,Selan Exploration Technology Limited
INE818H01020,DAAWAT,EQ,LT Foods Limited
INE819B01021,JENSONICOL,BE,Jenson & Nicholson (India) Limited
INE819L01012,ELGIRUBCO,EQ,Elgi Rubber Company Limited
INE821I01014,IRB,EQ,IRB Infrastructure Developers Limited
INE822C01015,TCPLPACK,EQ,TCPL Packaging Limited
INE822G01016,ELECTHERM,EQ,Electrotherm (India) Limited
INE823A01017,KOTHARIPRO,EQ,Kothari Products Limited
INE823G01014,JKCEMENT,EQ,JK Cement Limited
INE824B01021,BHUSANSTL,EQ,Bhushan Steel Limited
INE824G01012,JSWHL,EQ,JSW Holdings Limited
INE824Q01011,MANAKSTEEL,BE,Manaksia Steels Limited
INE825A01012,VTL,EQ,Vardhman Textiles Limited
INE825H01017,ESSDEE,BE,Ess Dee Aluminium Limited
INE826C01016,GUJAPOLLO,EQ,Gujarat Apollo Industries Limited
INE828A01016,BIL,EQ,Bhartiya International Limited
INE829A01014,BIOFILCHEM,BE,Biofil Chemicals & Pharmaceuticals Limited
INE830Q01018,MANAKCOAT,EQ,Manaksia Coated Metals & Industries Limited
INE831A01028,MIRCELECTR,EQ,MIRC Electronics Limited
INE831Q01016,BKMINDST,EQ,Bkm Industries Limited
INE834I01025,KHADIM,EQ,Khadim India Limited
INE834M01019,RTNINFRA,BE,RattanIndia Infrastructure Limited
INE835A01011,VARDMNPOLY,EQ,Vardhman Polytex Limited
INE835B01035,MOLDTECH,BE,Mold-Tek Technologies Limited
INE835D01023,HIRECT,EQ,Hind Rectifiers Limited
INE835G01018,ALLSEC,EQ,Allsec Technologies Limited
INE836A01035,KPIT,EQ,KPIT Technologies Limited
INE836B01017,SATIN,EQ,Satin Creditcare Network Limited
INE836F01026,DISHTV,EQ,Dish TV India Limited
INE836H01014,MCDHOLDING,EQ,McDowell Holdings Limited
INE837H01020,ADVENZYMES,EQ,Advanced Enzyme Technologies Limited
INE838B01013,BHARATRAS,EQ,Bharat Rasayan Limited
INE838E01017,PONNIERODE,EQ,Ponni Sugars (Erode) Limited
INE839G01010,JOCIL,EQ,Jocil Limited
INE839M01018,SCHNEIDER,EQ,Schneider Electric Infrastructure Limited
INE840M01016,ZUARI,EQ,Zuari Agro Chemicals Limited
INE841B01017,INDBANK,EQ,Indbank Merchant Banking Services Limited
INE842C01021,MINDACORP,EQ,Minda Corporation Limited
INE844A01013,PEARLPOLY,BE,Pearl Polymers Limited
INE844K01012,BEDMUTHA,EQ,Bedmutha Industries Limited
INE844O01022,GUJGASLTD,EQ,Gujarat Gas Limited
INE845D01014,GANECOS,EQ,Ganesha Ecosphere Limited
INE847C01020,ROSSELLIND,EQ,Rossell India Limited
INE848A01014,IZMO,EQ,IZMO Limited
INE848E01016,NHPC,EQ,NHPC Limited
INE849A01020,TRENT,EQ,Trent Limited
INE849A01020,TRENT,IL,Trent Limited
INE849C01026,SHALPAINTS,EQ,Shalimar Paints Limited
INE849L01019,ORTEL,EQ,Ortel Communications Limited
INE850D01014,GODREJAGRO,EQ,Godrej Agrovet Limited
INE850E01012,LFIC,BE,Lakshmi Finance & Industrial Corporation Limited
INE852F01015,GDL,EQ,Gateway Distriparks Limited
INE854B01010,JAYNECOIND,BE,Jayaswal Neco Industries Limited
INE854D01016,MCDOWELL-N,EQ,United Spirits Limited
INE855B01025,RAIN,EQ,Rain Industries Limited
INE855C01015,WEBELSOLAR,EQ,Websol Energy System Limited
INE855F01034,BARTRONICS,BE,Bartronics India Limited
INE858F01012,NITCO,EQ,Nitco Limited
INE859A01011,PNBGILTS,EQ,PNB Gilts Limited
INE859Q01017,MANAKALUCO,EQ,Manaksia Aluminium Company Limited
INE860A01027,HCLTECH,EQ,HCL Technologies Limited
INE860T01019,SABEVENTS,BE,Sab Events & Governance Now Media Limited
INE861A01058,VISESHINFO,BE,Visesh Infotecnics Limited
INE861B01015,MOTOGENFIN,EQ,The Motor & General Finance Limited
INE862A01015,LML,BE,LML Limited
INE863B01011,PREMEXPLN,EQ,Premier Explosives Limited
INE863I01016,BANG,EQ,Bang Overseas Limited
INE863T01013,JITFINFRA,BE,JITF Infralogistics Limited
INE864B01027,UMANGDAIRY,EQ,Umang Dairies Limited
INE865C01022,BIRLAMONEY,EQ,Aditya Birla Money Limited
INE865T01018,PDMJEPAPER,EQ,Pudumjee Paper Products Limited
INE866K01015,INDOSOLAR,BE,Indosolar Limited
INE866R01028,MATRIMONY,EQ,Matrimony.Com Limited
INE867A01022,MANUGRAPH,EQ,Manugraph India Limited
INE868B01028,NCC,EQ,NCC Limited
INE869I01013,GTPL,EQ,GTPL Hathway Limited
INE870D01012,NFL,EQ,National Fertilizers Limited
INE870H01013,NETWORK18,EQ,Network18 Media & Investments Limited
INE871B01014,ZICOM,EQ,Zicom Electronic Security Systems Limited
INE871C01020,AVANTIFEED,EQ,Avanti Feeds Limited
INE871H01011,GSS,EQ,GSS Infotech Limited
INE871K01015,HMVL,EQ,Hindustan Media Ventures Limited
INE871L01013,TVVISION,BE,TV Vision Limited
INE872A01014,SREINFRA,EQ,SREI Infrastructure Finance Limited
INE872H01019,LUMAXTECH,EQ,Lumax Auto Technologies Limited
INE873D01024,INDOCO,EQ,Indoco Remedies Limited
INE874F01027,RADAAN,EQ,Radaan Mediaworks India Limited
INE874H01015,CANDC,BE,C & C Constructions Limited
INE874I01013,RAMKY,EQ,Ramky Infrastructure Limited
INE875A01025,IVRCLINFRA,BE,IVRCL Limited
INE875G01030,NDL,EQ,Nandan Denim Limited
INE875R01011,BALKRISHNA,BE,Balkrishna Paper Mills Limited
INE876N01018,ORIENTCEM,EQ,Orient Cement Limited
INE877F01012,PTC,EQ,PTC India Limited
INE877I01016,ARCHIDPLY,EQ,Archidply Industries Limited
INE878A01011,GEPIL,EQ,GE Power India Limited
INE878B01027,KEI,EQ,KEI Industries Limited
INE878C01033,GEMINI,EQ,Gemini Communication Limited
INE878E01021,SETCO,EQ,Setco Automotive Limited
INE878H01016,INVENTURE,EQ,Inventure Growth & Securities Limited
INE878I01014,BAFNAPHARM,EQ,Bafna Pharmaceuticals Limited
INE878K01010,BFINVEST,EQ,BF Investment Limited
INE879A01019,SHREERAMA,BE,Shree Rama Multi-Tech Limited
INE879E01037,KANANIIND,EQ,Kanani Industries Limited
INE879I01012,DBREALTY,EQ,D B Realty Limited
INE880B01015,ANSALHSG,EQ,Ansal Housing and Construction Limited
INE880L01014,KIOCL,EQ,KIOCL Limited
INE881D01027,OFSS,EQ,Oracle Financial Services Software Limited
INE882A01013,MARALOVER,EQ,Maral Overseas Limited
INE883A01011,MRF,EQ,MRF Limited
INE883G01018,SGFL,BE,Shree Ganesh Forgings Limited
INE883N01014,PARAGMILK,EQ,Parag Milk Foods Limited
INE884A01019,VAIBHAVGBL,EQ,Vaibhav Global Limited
INE885A01032,AMARAJABAT,EQ,Amara Raja Batteries Limited
INE885E01034,MAZDA,EQ,Mazda Limited
INE885F01015,MASKINVEST,BE,Mask Investments Limited
INE886A01014,IITL,BE,Industrial Investment Trust Limited
INE886H01027,TV18BRDCST,EQ,TV18 Broadcast Limited
INE887G01027,GOKEX,EQ,Gokaldas Exports Limited
INE888B01018,PODDARHOUS,EQ,Poddar Housing and Development Limited
INE889E01010,PIONDIST,EQ,Pioneer Distilleries Limited
INE890A01016,JMCPROJECT,EQ,JMC Projects (India)  Limited
INE890C01046,SANWARIA,BE,Sanwaria Consumer Limited
INE891A01014,DSKULKARNI,BE,DS Kulkarni Developers Limited
INE891D01026,REDINGTON,EQ,Redington (India) Limited
INE893I01013,VASCONEQ,EQ,Vascon Engineers Limited
INE893J01029,MOLDTKPAC,EQ,Mold-Tek Packaging Limited
INE895B01021,RUPA,EQ,Rupa & Company Limited
INE898F01018,SIMPLEX,BE,Simplex Projects Limited
INE898S01029,MAJESCO,EQ,Majesco Limited
INE899L01022,UJAAS,EQ,Ujaas Energy Limited
INE900B01029,KABRAEXTRU,EQ,Kabra Extrusion Technik Limited
INE900C01027,ASAL,EQ,Automotive Stampings and Assemblies Limited
INE901L01018,APLLTD,EQ,Alembic Pharmaceuticals Limited
INE904D01019,PDPL,BE,Parenteral Drugs (India) Limited
INE904J01016,JINDCOT,BZ,Jindal Cotex Limited
INE907A01026,KSL,EQ,Kalyani Steels Limited
INE908D01010,SHAKTIPUMP,EQ,Shakti Pumps (India) Limited
INE910C01018,TTKHLTCARE,EQ,TTK Healthcare Limited
INE911B01018,TCIFINANCE,EQ,TCI Finance Limited
INE912H01013,MBLINFRA,BE,MBL Infrastructures Limited
INE912L01015,ONELIFECAP,BE,Onelife Capital Advisors Limited
INE913H01037,ENDURANCE,EQ,Endurance Technologies Limited
INE914E01040,ALANKIT,EQ,Alankit Limited
INE915B01019,INDSWFTLAB,BE,Ind-Swift Laboratories Limited
INE915K01010,AHLWEST,BE,Asian Hotels (West) Limited
INE916G01016,GEECEE,EQ,GeeCee Ventures Limited
INE916U01025,SFL,EQ,Sheela Foam Limited
INE917H01012,SRHHYPOLTD,EQ,Sree Rayalaseema Hi-Strength Hypo Limited
INE917I01010,BAJAJ-AUTO,EQ,Bajaj Auto Limited
INE917M01012,DBL,EQ,Dilip Buildcon Limited
INE918I01018,BAJAJFINSV,EQ,Bajaj Finserv Limited
INE918N01018,VETO,EQ,Veto Switchgears And Cables Limited
INE919H01018,IMFA,EQ,Indian Metals & Ferro Alloys Limited
INE919I01016,RADIOCITY,EQ,Music Broadcast Limited
INE920A01011,DOLPHINOFF,EQ,Dolphin Offshore Enterprises (India) Limited
INE921B01025,DBSTOCKBRO,EQ,DB (International) Stock Brokers Limited
INE922A01025,BEPL,EQ,Bhansali Engineering Polymers Limited
INE922B01023,PANACEABIO,EQ,Panacea Biotec Limited
INE923A01015,SILINV,BE,SIL Investments Limited
INE924A01013,SALORAINTL,BE,Salora International Limited
INE924D01017,FORTUNEFIN,EQ,Fortune Financial Services (India) Limited
INE924H01018,TARMAT,EQ,Tarmat Limited
INE925C01016,MADHAV,EQ,Madhav Marbles and Granites Limited
INE926K01017,AHLEAST,EQ,Asian Hotels (East) Limited
INE927A01040,ROLLT,BE,Rollatainers Limited
INE927C01020,SPICEMOBI,EQ,Spice Mobility Limited
INE927D01028,JBMA,EQ,JBM Auto Limited
INE930H01023,KPRMILL,EQ,K.P.R. Mill Limited
INE931S01010,ADANITRANS,EQ,Adani Transmission Limited
INE932A01024,PENIND,EQ,Pennar Industries Limited
INE932C01012,TOKYOPLAST,EQ,Tokyo Plast International Limited
INE933A01014,LYKALABS,EQ,Lyka Labs Limited
INE933B01012,MEGASOFT,BE,Megasoft Limited
INE933J01015,ARROWTEX,EQ,Arrow Textiles Limited
INE933K01021,BAJAJCORP,EQ,Bajaj Corp Limited
INE934B01028,MERCATOR,EQ,Mercator Limited
INE934S01014,GNA,EQ,GNA Axles Limited
INE935A01035,GLENMARK,EQ,Glenmark Pharmaceuticals Limited
INE935N01012,DIXON,EQ,Dixon Technologies (India) Limited
INE935Q01015,FSC,EQ,Future Supply Chain Solutions Limited
INE937A01023,SPMLINFRA,EQ,SPML Infra Limited
INE937C01029,NILAINFRA,EQ,Nila Infrastructures Limited
INE938A01021,LCCINFOTEC,BE,LCC Infotech Limited
INE939A01011,STAR,EQ,Strides Shasun Limited
INE939D01015,HARITASEAT,EQ,Harita Seating Systems Limited
INE940H01014,PGIL,EQ,Pearl Global Industries Limited
INE942G01012,MCLEODRUSS,EQ,Mcleod Russel India Limited
INE943C01027,SRIPIPES,EQ,Srikalahasthi Pipes Limited
INE943D01017,MPSLTD,EQ,MPS Limited
INE944B01019,TODAYS,EQ,Todays Writing Instruments Limited
INE944F01028,RADICO,EQ,Radico Khaitan Limited
INE945H01013,V2RETAIL,EQ,V2 Retail Limited
INE946H01037,VIPULLTD,EQ,Vipul Limited
INE947A01014,SUNFLAG,EQ,Sunflag Iron And Steel Company Limited
INE947I01017,LOTUSEYE,BE,Lotus Eye Hospital and Institute Limited
INE947J01015,DEN,EQ,Den Networks Limited
INE947Q01010,LAURUSLABS,EQ,Laurus Labs Limited
INE948A01012,TRIGYN,EQ,Trigyn Technologies Limited
INE949H01023,MANINFRA,EQ,Man Infraconstruction Limited
INE949L01017,AUBANK,EQ,AU Small Finance Bank Limited
INE949P01018,GENUSPAPER,BE,Genus Paper & Boards Limited
INE950G01015,UNIPLY,EQ,Uniply Industries Limited
INE950I01011,DBCORP,EQ,D.B.Corp Limited
INE950M01013,MONTECARLO,EQ,Monte Carlo Fashions Limited
INE951D01028,ATULAUTO,EQ,Atul Auto Limited
INE951I01027,VGUARD,EQ,V-Guard Industries Limited
INE952A01022,HINDNATGLS,EQ,Hindusthan National Glass & Industries Limited
INE952D01018,BILPOWER,EQ,Bilpower  Limited
INE952H01027,RAJTV,EQ,Raj Television Network Limited
INE954E01012,MOHITIND,EQ,Mohit Industries Limited
INE955D01029,GENUSPOWER,EQ,Genus Power Infrastructures Limited
INE955I01036,SEZAL,BZ,Sezal Glass Limited
INE956G01038,WABAG,EQ,VA Tech Wabag Limited
INE959A01019,FAIRCHEM,EQ,Fairchem Speciality Limited
INE962C01027,EASTSILK,EQ,Eastern Silk Industries Limited
INE964B01033,ALCHEM,BE,Alchemist Limited
INE964H01014,SHRIRAMEPC,EQ,Shriram EPC Limited
INE965H01011,SITINET,EQ,Siti Networks Limited
INE966H01019,ZEEMEDIA,EQ,Zee Media Corporation Limited
INE967C01018,KAMATHOTEL,EQ,Kamat Hotels (I) Limited
INE968D01022,ARSHIYA,EQ,Arshiya Limited
INE968G01033,PROVOGE,BE,Provogue (India) Limited
INE974H01013,MEGH,EQ,Meghmani Organics Limited
INE974X01010,TIINDIA,EQ,Tube Investments of India Limited
INE975G01012,IL&FSTRANS,EQ,IL&FS Transportation Networks Limited
INE976A01021,WSTCSTPAPR,EQ,West Coast Paper Mills Limited
INE976G01028,RBLBANK,EQ,RBL Bank Limited
INE978A01027,HERITGFOOD,EQ,Heritage Foods Limited
INE978G01016,SPLIL,EQ,SPL Industries Limited
INE979A01017,SAREGAMA,EQ,Saregama India Limited
INE979R01011,SHYAMCENT,BE,Shyam Century Ferrous Limited
INE980A01023,PRESSMN,EQ,Pressman Advertising Limited
INE981B01011,CMICABLES,EQ,CMI Limited
INE982B01019,ADFFOODS,EQ,ADF Foods Limited
INE982F01036,HATHWAY,EQ,Hathway Cable & Datacom Limited
INE985S01024,TEAMLEASE,EQ,Teamlease Services Limited
INE985S01024,TEAMLEASE,IL,Teamlease Services Limited
INE987B01026,NATCOPHARM,EQ,Natco Pharma Limited
INE988C01014,DHARSUGAR,EQ,Dharani Sugars & Chemicals Limited
INE988E01036,JMTAUTOLTD,BE,JMT Auto Limited
INE988K01017,EQUITAS,EQ,Equitas Holdings Limited
INE988K01017,EQUITAS,IL,Equitas Holdings Limited
INE989A01024,SANGHVIMOV,EQ,Sanghvi Movers Limited
INE989C01012,DIAPOWER,EQ,Diamond Power Infra Ltd
INE991I01015,ASPINWALL,EQ,Aspinwall and Company Limited
INE992B01026,LAKSHMIEFL,BE,Lakshmi Energy and Foods Limited
INE993A01026,MANINDS,EQ,Man Industries (India) Limited
INE998H01012,ORIENTALTL,BE,Oriental Trimex Limited
INE998I01010,MHRIL,EQ,Mahindra Holidays & Resorts India Limited
INE999A01015,KSBPUMPS,EQ,KSB Pumps Limited
INE999B01013,SANGHIIND,EQ,Sanghi Industries Limited
INE999K01014,GREENPOWER,EQ,Orient Green Power Company Limited
